"#SampleID","BarcodeSequence","LinkerPrimerSequence","ReversePrimer","Region"
"GBoL2691","TCAGACGATGCGTCAT","GGAAGTAAAAGTCGTAACAAGG","TCCTCCGCTTATTGATATGC","ITS"
"GBoL2694","CTATACATGACTCTGC","GGAAGTAAAAGTCGTAACAAGG","TCCTCCGCTTATTGATATGC","ITS"
"GBoL2696","TACTAGAGTAGCACTC","GGAAGTAAAAGTCGTAACAAGG","TCCTCCGCTTATTGATATGC","ITS"
"GBoL2711","TGTGTATCAGTACATG","GGAAGTAAAAGTCGTAACAAGG","TCCTCCGCTTATTGATATGC","ITS"
"GBoL2718","ACACGCATGACACACT","GGAAGTAAAAGTCGTAACAAGG","TCCTCCGCTTATTGATATGC","ITS"
"GBoL2695","GATCTCTACTATATGC","GGAAGTAAAAGTCGTAACAAGG","TCCTCCGCTTATTGATATGC","ITS"
"GBoL2724","ACAGTCTATACTGCTG","GGAAGTAAAAGTCGTAACAAGG","TCCTCCGCTTATTGATATGC","ITS"
"GBoL2726","ATGATGTGCTACATCT","GGAAGTAAAAGTCGTAACAAGG","TCCTCCGCTTATTGATATGC","ITS"
"GBoL2729","CTGCGTGCTCTACGAC","GGAAGTAAAAGTCGTAACAAGG","TCCTCCGCTTATTGATATGC","ITS"
"GBoL2731","GCGCGATACGATGACT","GGAAGTAAAAGTCGTAACAAGG","TCCTCCGCTTATTGATATGC","ITS"
"GBoL2732","CGCGCTCAGCTGATCG","GGAAGTAAAAGTCGTAACAAGG","TCCTCCGCTTATTGATATGC","ITS"
"GBoL2740","GCGCACGCACTACAGA","GGAAGTAAAAGTCGTAACAAGG","TCCTCCGCTTATTGATATGC","ITS"
"GBoL2744","ACACTGACGTCGCGAC","GGAAGTAAAAGTCGTAACAAGG","TCCTCCGCTTATTGATATGC","ITS"
"GBoL2748","CGTCTATATACGTATA","GGAAGTAAAAGTCGTAACAAGG","TCCTCCGCTTATTGATATGC","ITS"
"GBoL2770","ATAGAGACTCAGAGCT","GGAAGTAAAAGTCGTAACAAGG","TCCTCCGCTTATTGATATGC","ITS"
"GBoL2776","TAGATGCGAGAGTAGA","GGAAGTAAAAGTCGTAACAAGG","TCCTCCGCTTATTGATATGC","ITS"
"GBoL2759","CATAGCGACTATCGTG","GGAAGTAAAAGTCGTAACAAGG","TCCTCCGCTTATTGATATGC","ITS"
"GBoL2787","CATCACTACGCTAGAT","GGAAGTAAAAGTCGTAACAAGG","TCCTCCGCTTATTGATATGC","ITS"
"GBoL2815","CGCATCTGTGCATGCA","GGAAGTAAAAGTCGTAACAAGG","TCCTCCGCTTATTGATATGC","ITS"
"GBoL2819","TATGTGATCGTCTCTC","GGAAGTAAAAGTCGTAACAAGG","TCCTCCGCTTATTGATATGC","ITS"
"GBoL2790","GTACACGCTGTGACTA","GGAAGTAAAAGTCGTAACAAGG","TCCTCCGCTTATTGATATGC","ITS"
"GBoL2846","CGTGTCGCGCATATCT","GGAAGTAAAAGTCGTAACAAGG","TCCTCCGCTTATTGATATGC","ITS"
"GBoL2834","ATATCAGTCATGCATA","GGAAGTAAAAGTCGTAACAAGG","TCCTCCGCTTATTGATATGC","ITS"
"GBoL2593","GAGATCGACAGTCTCG","GGAAGTAAAAGTCGTAACAAGG","TCCTCCGCTTATTGATATGC","ITS"
"GBoL2630","CACGCACACACGCGCG","GGAAGTAAAAGTCGTAACAAGG","TCCTCCGCTTATTGATATGC","ITS"
"GBoL2631","CGAGCACGCGCGTGTG","GGAAGTAAAAGTCGTAACAAGG","TCCTCCGCTTATTGATATGC","ITS"
"GBoL2641","GTAGTCTCGCACAGAT","GGAAGTAAAAGTCGTAACAAGG","TCCTCCGCTTATTGATATGC","ITS"
"GBoL2649","GAGACTCTGTGCGCGT","GGAAGTAAAAGTCGTAACAAGG","TCCTCCGCTTATTGATATGC","ITS"
"GBoL2658","GCTCGACTGTGAGAGA","GGAAGTAAAAGTCGTAACAAGG","TCCTCCGCTTATTGATATGC","ITS"
"GBoL2666","AGAGATGTGTGATGAC","GGAAGTAAAAGTCGTAACAAGG","TCCTCCGCTTATTGATATGC","ITS"
"GBoL2672","TACGACTACATATCAG","GGAAGTAAAAGTCGTAACAAGG","TCCTCCGCTTATTGATATGC","ITS"
"GBoL2682","TATCTCTGTAGAGTCT","GGAAGTAAAAGTCGTAACAAGG","TCCTCCGCTTATTGATATGC","ITS"
"GBoL3650","AGAGAGAGACATGCGC","GGAAGTAAAAGTCGTAACAAGG","TCCTCCGCTTATTGATATGC","ITS"
"GBoL3652","ACTCTCGCTCTGTAGA","GGAAGTAAAAGTCGTAACAAGG","TCCTCCGCTTATTGATATGC","ITS"
"GBoL3658","TCTATGTCTCAGTAGT","GGAAGTAAAAGTCGTAACAAGG","TCCTCCGCTTATTGATATGC","ITS"
"GBoL3661","GCGTATATCTCATGCG","GGAAGTAAAAGTCGTAACAAGG","TCCTCCGCTTATTGATATGC","ITS"
"GBoL3662","GTGCGTATGTCGCTAC","GGAAGTAAAAGTCGTAACAAGG","TCCTCCGCTTATTGATATGC","ITS"
"GBoL3697","TGCTCGCAGTATCACA","GGAAGTAAAAGTCGTAACAAGG","TCCTCCGCTTATTGATATGC","ITS"
"GBoL3699","CTGTGTGTGATAGAGT","GGAAGTAAAAGTCGTAACAAGG","TCCTCCGCTTATTGATATGC","ITS"
"GBoL3700","CAGTGAGAGCGCGATA","GGAAGTAAAAGTCGTAACAAGG","TCCTCCGCTTATTGATATGC","ITS"
"GBoL3703","GTACATATGCGTCTGT","GGAAGTAAAAGTCGTAACAAGG","TCCTCCGCTTATTGATATGC","ITS"
"GBoL3704","GAGACTAGAGATAGTG","GGAAGTAAAAGTCGTAACAAGG","TCCTCCGCTTATTGATATGC","ITS"
"GBoL3705","TACGCGTGTACGCAGA","GGAAGTAAAAGTCGTAACAAGG","TCCTCCGCTTATTGATATGC","ITS"
"GBoL3727","TGTCACTCATCTGAGT","GGAAGTAAAAGTCGTAACAAGG","TCCTCCGCTTATTGATATGC","ITS"
"GBoL3707","GCACATACACGCTCAC","GGAAGTAAAAGTCGTAACAAGG","TCCTCCGCTTATTGATATGC","ITS"
"GBoL3701","GCTCGTCGCGCGCACA","GGAAGTAAAAGTCGTAACAAGG","TCCTCCGCTTATTGATATGC","ITS"
"GBoL3739","ACAGTGCGCTGTCTAT","GGAAGTAAAAGTCGTAACAAGG","TCCTCCGCTTATTGATATGC","ITS"
"GBoL3740","TCACACTCTAGAGCGA","GGAAGTAAAAGTCGTAACAAGG","TCCTCCGCTTATTGATATGC","ITS"
"GBoL3457","TCACATATGTATACAT","GGAAGTAAAAGTCGTAACAAGG","TCCTCCGCTTATTGATATGC","ITS"
"GBoL3467","CGCTGCGAGAGACAGT","GGAAGTAAAAGTCGTAACAAGG","TCCTCCGCTTATTGATATGC","ITS"
"GBoL3459","ACACACAGACTGTGAG","GGAAGTAAAAGTCGTAACAAGG","TCCTCCGCTTATTGATATGC","ITS"
"GBoL3474","GCAGACTCTCACACGC","GGAAGTAAAAGTCGTAACAAGG","TCCTCCGCTTATTGATATGC","ITS"
"GBoL3472","TGCTCTCGTGTACTGT","GGAAGTAAAAGTCGTAACAAGG","TCCTCCGCTTATTGATATGC","ITS"
"GBoL3476","GTGTGAGATATATATC","GGAAGTAAAAGTCGTAACAAGG","TCCTCCGCTTATTGATATGC","ITS"
"GBoL3477","CTCAGTGTGACACATG","GGAAGTAAAAGTCGTAACAAGG","TCCTCCGCTTATTGATATGC","ITS"
"GBoL3481","TGCGAGCGACTCTATC","GGAAGTAAAAGTCGTAACAAGG","TCCTCCGCTTATTGATATGC","ITS"
"GBoL3482","GTCAGCTAGTGTCAGC","GGAAGTAAAAGTCGTAACAAGG","TCCTCCGCTTATTGATATGC","ITS"
"GBoL3505","AGATATCATCAGCGAG","GGAAGTAAAAGTCGTAACAAGG","TCCTCCGCTTATTGATATGC","ITS"
"GBoL3517","GTGCAGTGATCGATGA","GGAAGTAAAAGTCGTAACAAGG","TCCTCCGCTTATTGATATGC","ITS"
"GBoL3484","TGACTCGCTCATAGTC","GGAAGTAAAAGTCGTAACAAGG","TCCTCCGCTTATTGATATGC","ITS"
"GBoL3521","ATGCTGATGACGCGCT","GGAAGTAAAAGTCGTAACAAGG","TCCTCCGCTTATTGATATGC","ITS"
"GBoL3522","GACAGCATCTGCGCTC","GGAAGTAAAAGTCGTAACAAGG","TCCTCCGCTTATTGATATGC","ITS"
"GBoL3523","AGCGTCTGACGTGAGT","GGAAGTAAAAGTCGTAACAAGG","TCCTCCGCTTATTGATATGC","ITS"
"GBoL3535","TCGATATACGACGTGC","GGAAGTAAAAGTCGTAACAAGG","TCCTCCGCTTATTGATATGC","ITS"
"GBoL3537","TCGTCATACGCTCTAG","GGAAGTAAAAGTCGTAACAAGG","TCCTCCGCTTATTGATATGC","ITS"
"GBoL3554","CGACTACGTACAGTAG","GGAAGTAAAAGTCGTAACAAGG","TCCTCCGCTTATTGATATGC","ITS"
"GBoL3568","GCGTAGACAGACTACA","GGAAGTAAAAGTCGTAACAAGG","TCCTCCGCTTATTGATATGC","ITS"
"GBoL3569","ACAGTATGATGTACTC","GGAAGTAAAAGTCGTAACAAGG","TCCTCCGCTTATTGATATGC","ITS"
"GBoL3573","GTCTGATAGATACAGA","GGAAGTAAAAGTCGTAACAAGG","TCCTCCGCTTATTGATATGC","ITS"
"GBoL3571","CTGCGCAGTACGTGCA","GGAAGTAAAAGTCGTAACAAGG","TCCTCCGCTTATTGATATGC","ITS"
"GBoL3588","TAGATCTCTGACTCAC","GGAAGTAAAAGTCGTAACAAGG","TCCTCCGCTTATTGATATGC","ITS"
"GBoL3589","CTGATGCGCGCTGTAC","GGAAGTAAAAGTCGTAACAAGG","TCCTCCGCTTATTGATATGC","ITS"
"GBoL3590","CACTCGTGCACGATGC","GGAAGTAAAAGTCGTAACAAGG","TCCTCCGCTTATTGATATGC","ITS"
"GBoL3591","TGACAGTATCACAGTG","GGAAGTAAAAGTCGTAACAAGG","TCCTCCGCTTATTGATATGC","ITS"
"GBoL3592","GAGATACGCTGCAGTC","GGAAGTAAAAGTCGTAACAAGG","TCCTCCGCTTATTGATATGC","ITS"
"GBoL3593","ACGTGAGCTCACTCGC","GGAAGTAAAAGTCGTAACAAGG","TCCTCCGCTTATTGATATGC","ITS"
"GBoL3594","ATAGAGAGTGTCTCAG","GGAAGTAAAAGTCGTAACAAGG","TCCTCCGCTTATTGATATGC","ITS"
"GBoL3595","CATAGAGAGATAGTAT","GGAAGTAAAAGTCGTAACAAGG","TCCTCCGCTTATTGATATGC","ITS"
"GBoL3596","ATCTCGAGATGTAGCG","GGAAGTAAAAGTCGTAACAAGG","TCCTCCGCTTATTGATATGC","ITS"
"GBoL3597","ACGATCACTCGTGTCA","GGAAGTAAAAGTCGTAACAAGG","TCCTCCGCTTATTGATATGC","ITS"
"GBoL3603","GATCGACTCGAGCATC","GGAAGTAAAAGTCGTAACAAGG","TCCTCCGCTTATTGATATGC","ITS"
"GBoL3613","ATGCTCACTACTACAT","GGAAGTAAAAGTCGTAACAAGG","TCCTCCGCTTATTGATATGC","ITS"
"GBoL3615","CGTGCACATCTATAGC","GGAAGTAAAAGTCGTAACAAGG","TCCTCCGCTTATTGATATGC","ITS"
"GBoL3616","GACTGCACATGCACGA","GGAAGTAAAAGTCGTAACAAGG","TCCTCCGCTTATTGATATGC","ITS"
"GBoL3617","TATGACTAGTGTACTA","GGAAGTAAAAGTCGTAACAAGG","TCCTCCGCTTATTGATATGC","ITS"
"GBoL3618","GACGTGTCGTAGATAT","GGAAGTAAAAGTCGTAACAAGG","TCCTCCGCTTATTGATATGC","ITS"
"GBoL3619","ATAGCGACGCGATATA","GGAAGTAAAAGTCGTAACAAGG","TCCTCCGCTTATTGATATGC","ITS"
"GBoL3641","ATCGCTGTGTCTATAG","GGAAGTAAAAGTCGTAACAAGG","TCCTCCGCTTATTGATATGC","ITS"
"GBoL3625","TCTCACTGATAGCGTG","GGAAGTAAAAGTCGTAACAAGG","TCCTCCGCTTATTGATATGC","ITS"
"GBoL3626","TGTCGTCTATCATGTA","GGAAGTAAAAGTCGTAACAAGG","TCCTCCGCTTATTGATATGC","ITS"
"GBoL3627","CACACGAGATCTCATC","GGAAGTAAAAGTCGTAACAAGG","TCCTCCGCTTATTGATATGC","ITS"
"GBoL3635","AGATACACATGATACT","GGAAGTAAAAGTCGTAACAAGG","TCCTCCGCTTATTGATATGC","ITS"
"GBoL3636","CGTGAGTAGTCAGACG","GGAAGTAAAAGTCGTAACAAGG","TCCTCCGCTTATTGATATGC","ITS"
"GBoL3606","TCTCGACTGCACATAT","GGAAGTAAAAGTCGTAACAAGG","TCCTCCGCTTATTGATATGC","ITS"
"GBoL3637","TGAGTGACGTGTAGCG","GGAAGTAAAAGTCGTAACAAGG","TCCTCCGCTTATTGATATGC","ITS"
"GBoL3541","GTGTGCACTCACACTC","GGAAGTAAAAGTCGTAACAAGG","TCCTCCGCTTATTGATATGC","ITS"
"GBoL2691","TCAGACGATGCGTCAT","AWTGGTAGACGCTRCGGACT","TTTGAACTGGTGACACRAGGA","trnLF"
"GBoL2694","CTATACATGACTCTGC","AWTGGTAGACGCTRCGGACT","TTTGAACTGGTGACACRAGGA","trnLF"
"GBoL2696","TACTAGAGTAGCACTC","AWTGGTAGACGCTRCGGACT","TTTGAACTGGTGACACRAGGA","trnLF"
"GBoL2711","TGTGTATCAGTACATG","AWTGGTAGACGCTRCGGACT","TTTGAACTGGTGACACRAGGA","trnLF"
"GBoL2718","ACACGCATGACACACT","AWTGGTAGACGCTRCGGACT","TTTGAACTGGTGACACRAGGA","trnLF"
"GBoL2695","GATCTCTACTATATGC","AWTGGTAGACGCTRCGGACT","TTTGAACTGGTGACACRAGGA","trnLF"
"GBoL2724","ACAGTCTATACTGCTG","AWTGGTAGACGCTRCGGACT","TTTGAACTGGTGACACRAGGA","trnLF"
"GBoL2726","ATGATGTGCTACATCT","AWTGGTAGACGCTRCGGACT","TTTGAACTGGTGACACRAGGA","trnLF"
"GBoL2729","CTGCGTGCTCTACGAC","AWTGGTAGACGCTRCGGACT","TTTGAACTGGTGACACRAGGA","trnLF"
"GBoL2731","GCGCGATACGATGACT","AWTGGTAGACGCTRCGGACT","TTTGAACTGGTGACACRAGGA","trnLF"
"GBoL2732","CGCGCTCAGCTGATCG","AWTGGTAGACGCTRCGGACT","TTTGAACTGGTGACACRAGGA","trnLF"
"GBoL2740","GCGCACGCACTACAGA","AWTGGTAGACGCTRCGGACT","TTTGAACTGGTGACACRAGGA","trnLF"
"GBoL2744","ACACTGACGTCGCGAC","AWTGGTAGACGCTRCGGACT","TTTGAACTGGTGACACRAGGA","trnLF"
"GBoL2748","CGTCTATATACGTATA","AWTGGTAGACGCTRCGGACT","TTTGAACTGGTGACACRAGGA","trnLF"
"GBoL2770","ATAGAGACTCAGAGCT","AWTGGTAGACGCTRCGGACT","TTTGAACTGGTGACACRAGGA","trnLF"
"GBoL2776","TAGATGCGAGAGTAGA","AWTGGTAGACGCTRCGGACT","TTTGAACTGGTGACACRAGGA","trnLF"
"GBoL2759","CATAGCGACTATCGTG","AWTGGTAGACGCTRCGGACT","TTTGAACTGGTGACACRAGGA","trnLF"
"GBoL2787","CATCACTACGCTAGAT","AWTGGTAGACGCTRCGGACT","TTTGAACTGGTGACACRAGGA","trnLF"
"GBoL2815","CGCATCTGTGCATGCA","AWTGGTAGACGCTRCGGACT","TTTGAACTGGTGACACRAGGA","trnLF"
"GBoL2819","TATGTGATCGTCTCTC","AWTGGTAGACGCTRCGGACT","TTTGAACTGGTGACACRAGGA","trnLF"
"GBoL2790","GTACACGCTGTGACTA","AWTGGTAGACGCTRCGGACT","TTTGAACTGGTGACACRAGGA","trnLF"
"GBoL2846","CGTGTCGCGCATATCT","AWTGGTAGACGCTRCGGACT","TTTGAACTGGTGACACRAGGA","trnLF"
"GBoL2834","ATATCAGTCATGCATA","AWTGGTAGACGCTRCGGACT","TTTGAACTGGTGACACRAGGA","trnLF"
"GBoL2593","GAGATCGACAGTCTCG","AWTGGTAGACGCTRCGGACT","TTTGAACTGGTGACACRAGGA","trnLF"
"GBoL2630","CACGCACACACGCGCG","AWTGGTAGACGCTRCGGACT","TTTGAACTGGTGACACRAGGA","trnLF"
"GBoL2631","CGAGCACGCGCGTGTG","AWTGGTAGACGCTRCGGACT","TTTGAACTGGTGACACRAGGA","trnLF"
"GBoL2641","GTAGTCTCGCACAGAT","AWTGGTAGACGCTRCGGACT","TTTGAACTGGTGACACRAGGA","trnLF"
"GBoL2649","GAGACTCTGTGCGCGT","AWTGGTAGACGCTRCGGACT","TTTGAACTGGTGACACRAGGA","trnLF"
"GBoL2658","GCTCGACTGTGAGAGA","AWTGGTAGACGCTRCGGACT","TTTGAACTGGTGACACRAGGA","trnLF"
"GBoL2666","AGAGATGTGTGATGAC","AWTGGTAGACGCTRCGGACT","TTTGAACTGGTGACACRAGGA","trnLF"
"GBoL2672","TACGACTACATATCAG","AWTGGTAGACGCTRCGGACT","TTTGAACTGGTGACACRAGGA","trnLF"
"GBoL2682","TATCTCTGTAGAGTCT","AWTGGTAGACGCTRCGGACT","TTTGAACTGGTGACACRAGGA","trnLF"
"GBoL3650","AGAGAGAGACATGCGC","AWTGGTAGACGCTRCGGACT","TTTGAACTGGTGACACRAGGA","trnLF"
"GBoL3652","ACTCTCGCTCTGTAGA","AWTGGTAGACGCTRCGGACT","TTTGAACTGGTGACACRAGGA","trnLF"
"GBoL3658","TCTATGTCTCAGTAGT","AWTGGTAGACGCTRCGGACT","TTTGAACTGGTGACACRAGGA","trnLF"
"GBoL3661","GCGTATATCTCATGCG","AWTGGTAGACGCTRCGGACT","TTTGAACTGGTGACACRAGGA","trnLF"
"GBoL3662","GTGCGTATGTCGCTAC","AWTGGTAGACGCTRCGGACT","TTTGAACTGGTGACACRAGGA","trnLF"
"GBoL3697","TGCTCGCAGTATCACA","AWTGGTAGACGCTRCGGACT","TTTGAACTGGTGACACRAGGA","trnLF"
"GBoL3699","CTGTGTGTGATAGAGT","AWTGGTAGACGCTRCGGACT","TTTGAACTGGTGACACRAGGA","trnLF"
"GBoL3700","CAGTGAGAGCGCGATA","AWTGGTAGACGCTRCGGACT","TTTGAACTGGTGACACRAGGA","trnLF"
"GBoL3703","GTACATATGCGTCTGT","AWTGGTAGACGCTRCGGACT","TTTGAACTGGTGACACRAGGA","trnLF"
"GBoL3704","GAGACTAGAGATAGTG","AWTGGTAGACGCTRCGGACT","TTTGAACTGGTGACACRAGGA","trnLF"
"GBoL3705","TACGCGTGTACGCAGA","AWTGGTAGACGCTRCGGACT","TTTGAACTGGTGACACRAGGA","trnLF"
"GBoL3727","TGTCACTCATCTGAGT","AWTGGTAGACGCTRCGGACT","TTTGAACTGGTGACACRAGGA","trnLF"
"GBoL3707","GCACATACACGCTCAC","AWTGGTAGACGCTRCGGACT","TTTGAACTGGTGACACRAGGA","trnLF"
"GBoL3701","GCTCGTCGCGCGCACA","AWTGGTAGACGCTRCGGACT","TTTGAACTGGTGACACRAGGA","trnLF"
"GBoL3739","ACAGTGCGCTGTCTAT","AWTGGTAGACGCTRCGGACT","TTTGAACTGGTGACACRAGGA","trnLF"
"GBoL3740","TCACACTCTAGAGCGA","AWTGGTAGACGCTRCGGACT","TTTGAACTGGTGACACRAGGA","trnLF"
"GBoL3457","TCACATATGTATACAT","AWTGGTAGACGCTRCGGACT","TTTGAACTGGTGACACRAGGA","trnLF"
"GBoL3467","CGCTGCGAGAGACAGT","AWTGGTAGACGCTRCGGACT","TTTGAACTGGTGACACRAGGA","trnLF"
"GBoL3459","ACACACAGACTGTGAG","AWTGGTAGACGCTRCGGACT","TTTGAACTGGTGACACRAGGA","trnLF"
"GBoL3474","GCAGACTCTCACACGC","AWTGGTAGACGCTRCGGACT","TTTGAACTGGTGACACRAGGA","trnLF"
"GBoL3472","TGCTCTCGTGTACTGT","AWTGGTAGACGCTRCGGACT","TTTGAACTGGTGACACRAGGA","trnLF"
"GBoL3476","GTGTGAGATATATATC","AWTGGTAGACGCTRCGGACT","TTTGAACTGGTGACACRAGGA","trnLF"
"GBoL3477","CTCAGTGTGACACATG","AWTGGTAGACGCTRCGGACT","TTTGAACTGGTGACACRAGGA","trnLF"
"GBoL3481","TGCGAGCGACTCTATC","AWTGGTAGACGCTRCGGACT","TTTGAACTGGTGACACRAGGA","trnLF"
"GBoL3482","GTCAGCTAGTGTCAGC","AWTGGTAGACGCTRCGGACT","TTTGAACTGGTGACACRAGGA","trnLF"
"GBoL3505","AGATATCATCAGCGAG","AWTGGTAGACGCTRCGGACT","TTTGAACTGGTGACACRAGGA","trnLF"
"GBoL3517","GTGCAGTGATCGATGA","AWTGGTAGACGCTRCGGACT","TTTGAACTGGTGACACRAGGA","trnLF"
"GBoL3484","TGACTCGCTCATAGTC","AWTGGTAGACGCTRCGGACT","TTTGAACTGGTGACACRAGGA","trnLF"
"GBoL3521","ATGCTGATGACGCGCT","AWTGGTAGACGCTRCGGACT","TTTGAACTGGTGACACRAGGA","trnLF"
"GBoL3522","GACAGCATCTGCGCTC","AWTGGTAGACGCTRCGGACT","TTTGAACTGGTGACACRAGGA","trnLF"
"GBoL3523","AGCGTCTGACGTGAGT","AWTGGTAGACGCTRCGGACT","TTTGAACTGGTGACACRAGGA","trnLF"
"GBoL3535","TCGATATACGACGTGC","AWTGGTAGACGCTRCGGACT","TTTGAACTGGTGACACRAGGA","trnLF"
"GBoL3537","TCGTCATACGCTCTAG","AWTGGTAGACGCTRCGGACT","TTTGAACTGGTGACACRAGGA","trnLF"
"GBoL3554","CGACTACGTACAGTAG","AWTGGTAGACGCTRCGGACT","TTTGAACTGGTGACACRAGGA","trnLF"
"GBoL3568","GCGTAGACAGACTACA","AWTGGTAGACGCTRCGGACT","TTTGAACTGGTGACACRAGGA","trnLF"
"GBoL3569","ACAGTATGATGTACTC","AWTGGTAGACGCTRCGGACT","TTTGAACTGGTGACACRAGGA","trnLF"
"GBoL3573","GTCTGATAGATACAGA","AWTGGTAGACGCTRCGGACT","TTTGAACTGGTGACACRAGGA","trnLF"
"GBoL3571","CTGCGCAGTACGTGCA","AWTGGTAGACGCTRCGGACT","TTTGAACTGGTGACACRAGGA","trnLF"
"GBoL3588","TAGATCTCTGACTCAC","AWTGGTAGACGCTRCGGACT","TTTGAACTGGTGACACRAGGA","trnLF"
"GBoL3589","CTGATGCGCGCTGTAC","AWTGGTAGACGCTRCGGACT","TTTGAACTGGTGACACRAGGA","trnLF"
"GBoL3590","CACTCGTGCACGATGC","AWTGGTAGACGCTRCGGACT","TTTGAACTGGTGACACRAGGA","trnLF"
"GBoL3591","TGACAGTATCACAGTG","AWTGGTAGACGCTRCGGACT","TTTGAACTGGTGACACRAGGA","trnLF"
"GBoL3592","GAGATACGCTGCAGTC","AWTGGTAGACGCTRCGGACT","TTTGAACTGGTGACACRAGGA","trnLF"
"GBoL3593","ACGTGAGCTCACTCGC","AWTGGTAGACGCTRCGGACT","TTTGAACTGGTGACACRAGGA","trnLF"
"GBoL3594","ATAGAGAGTGTCTCAG","AWTGGTAGACGCTRCGGACT","TTTGAACTGGTGACACRAGGA","trnLF"
"GBoL3595","CATAGAGAGATAGTAT","AWTGGTAGACGCTRCGGACT","TTTGAACTGGTGACACRAGGA","trnLF"
"GBoL3596","ATCTCGAGATGTAGCG","AWTGGTAGACGCTRCGGACT","TTTGAACTGGTGACACRAGGA","trnLF"
"GBoL3597","ACGATCACTCGTGTCA","AWTGGTAGACGCTRCGGACT","TTTGAACTGGTGACACRAGGA","trnLF"
"GBoL3603","GATCGACTCGAGCATC","AWTGGTAGACGCTRCGGACT","TTTGAACTGGTGACACRAGGA","trnLF"
"GBoL3613","ATGCTCACTACTACAT","AWTGGTAGACGCTRCGGACT","TTTGAACTGGTGACACRAGGA","trnLF"
"GBoL3615","CGTGCACATCTATAGC","AWTGGTAGACGCTRCGGACT","TTTGAACTGGTGACACRAGGA","trnLF"
"GBoL3616","GACTGCACATGCACGA","AWTGGTAGACGCTRCGGACT","TTTGAACTGGTGACACRAGGA","trnLF"
"GBoL3617","TATGACTAGTGTACTA","AWTGGTAGACGCTRCGGACT","TTTGAACTGGTGACACRAGGA","trnLF"
"GBoL3618","GACGTGTCGTAGATAT","AWTGGTAGACGCTRCGGACT","TTTGAACTGGTGACACRAGGA","trnLF"
"GBoL3619","ATAGCGACGCGATATA","AWTGGTAGACGCTRCGGACT","TTTGAACTGGTGACACRAGGA","trnLF"
"GBoL3641","ATCGCTGTGTCTATAG","AWTGGTAGACGCTRCGGACT","TTTGAACTGGTGACACRAGGA","trnLF"
"GBoL3625","TCTCACTGATAGCGTG","AWTGGTAGACGCTRCGGACT","TTTGAACTGGTGACACRAGGA","trnLF"
"GBoL3626","TGTCGTCTATCATGTA","AWTGGTAGACGCTRCGGACT","TTTGAACTGGTGACACRAGGA","trnLF"
"GBoL3627","CACACGAGATCTCATC","AWTGGTAGACGCTRCGGACT","TTTGAACTGGTGACACRAGGA","trnLF"
"GBoL3635","AGATACACATGATACT","AWTGGTAGACGCTRCGGACT","TTTGAACTGGTGACACRAGGA","trnLF"
"GBoL3636","CGTGAGTAGTCAGACG","AWTGGTAGACGCTRCGGACT","TTTGAACTGGTGACACRAGGA","trnLF"
"GBoL3606","TCTCGACTGCACATAT","AWTGGTAGACGCTRCGGACT","TTTGAACTGGTGACACRAGGA","trnLF"
"GBoL3637","TGAGTGACGTGTAGCG","AWTGGTAGACGCTRCGGACT","TTTGAACTGGTGACACRAGGA","trnLF"
"GBoL3541","GTGTGCACTCACACTC","AWTGGTAGACGCTRCGGACT","TTTGAACTGGTGACACRAGGA","trnLF"
"GBoL2691_rpl16","TCAGACGATGCGTCAT","GCTATGCTTAGTGTGTGACTCGTT","GTAATCCAAGCTGGTTCAAGTGC","rpl16"
"GBoL2694_rpl16","CTATACATGACTCTGC","GCTATGCTTAGTGTGTGACTCGTT","GTAATCCAAGCTGGTTCAAGTGC","rpl16"
"GBoL2696_rpl16","TACTAGAGTAGCACTC","GCTATGCTTAGTGTGTGACTCGTT","GTAATCCAAGCTGGTTCAAGTGC","rpl16"
"GBoL2711_rpl16","TGTGTATCAGTACATG","GCTATGCTTAGTGTGTGACTCGTT","GTAATCCAAGCTGGTTCAAGTGC","rpl16"
"GBoL2718_rpl16","ACACGCATGACACACT","GCTATGCTTAGTGTGTGACTCGTT","GTAATCCAAGCTGGTTCAAGTGC","rpl16"
"GBoL2695_rpl16","GATCTCTACTATATGC","GCTATGCTTAGTGTGTGACTCGTT","GTAATCCAAGCTGGTTCAAGTGC","rpl16"
"GBoL2724_rpl16","ACAGTCTATACTGCTG","GCTATGCTTAGTGTGTGACTCGTT","GTAATCCAAGCTGGTTCAAGTGC","rpl16"
"GBoL2726_rpl16","ATGATGTGCTACATCT","GCTATGCTTAGTGTGTGACTCGTT","GTAATCCAAGCTGGTTCAAGTGC","rpl16"
"GBoL2729_rpl16","CTGCGTGCTCTACGAC","GCTATGCTTAGTGTGTGACTCGTT","GTAATCCAAGCTGGTTCAAGTGC","rpl16"
"GBoL2731_rpl16","GCGCGATACGATGACT","GCTATGCTTAGTGTGTGACTCGTT","GTAATCCAAGCTGGTTCAAGTGC","rpl16"
"GBoL2732_rpl16","CGCGCTCAGCTGATCG","GCTATGCTTAGTGTGTGACTCGTT","GTAATCCAAGCTGGTTCAAGTGC","rpl16"
"GBoL2740_rpl16","GCGCACGCACTACAGA","GCTATGCTTAGTGTGTGACTCGTT","GTAATCCAAGCTGGTTCAAGTGC","rpl16"
"GBoL2744_rpl16","ACACTGACGTCGCGAC","GCTATGCTTAGTGTGTGACTCGTT","GTAATCCAAGCTGGTTCAAGTGC","rpl16"
"GBoL2748_rpl16","CGTCTATATACGTATA","GCTATGCTTAGTGTGTGACTCGTT","GTAATCCAAGCTGGTTCAAGTGC","rpl16"
"GBoL2770_rpl16","ATAGAGACTCAGAGCT","GCTATGCTTAGTGTGTGACTCGTT","GTAATCCAAGCTGGTTCAAGTGC","rpl16"
"GBoL2776_rpl16","TAGATGCGAGAGTAGA","GCTATGCTTAGTGTGTGACTCGTT","GTAATCCAAGCTGGTTCAAGTGC","rpl16"
"GBoL2759_rpl16","CATAGCGACTATCGTG","GCTATGCTTAGTGTGTGACTCGTT","GTAATCCAAGCTGGTTCAAGTGC","rpl16"
"GBoL2787_rpl16","CATCACTACGCTAGAT","GCTATGCTTAGTGTGTGACTCGTT","GTAATCCAAGCTGGTTCAAGTGC","rpl16"
"GBoL2815_rpl16","CGCATCTGTGCATGCA","GCTATGCTTAGTGTGTGACTCGTT","GTAATCCAAGCTGGTTCAAGTGC","rpl16"
"GBoL2819_rpl16","TATGTGATCGTCTCTC","GCTATGCTTAGTGTGTGACTCGTT","GTAATCCAAGCTGGTTCAAGTGC","rpl16"
"GBoL2790_rpl16","GTACACGCTGTGACTA","GCTATGCTTAGTGTGTGACTCGTT","GTAATCCAAGCTGGTTCAAGTGC","rpl16"
"GBoL2846_rpl16","CGTGTCGCGCATATCT","GCTATGCTTAGTGTGTGACTCGTT","GTAATCCAAGCTGGTTCAAGTGC","rpl16"
"GBoL2834_rpl16","ATATCAGTCATGCATA","GCTATGCTTAGTGTGTGACTCGTT","GTAATCCAAGCTGGTTCAAGTGC","rpl16"
"GBoL2593_rpl16","GAGATCGACAGTCTCG","GCTATGCTTAGTGTGTGACTCGTT","GTAATCCAAGCTGGTTCAAGTGC","rpl16"
"GBoL2630_rpl16","CACGCACACACGCGCG","GCTATGCTTAGTGTGTGACTCGTT","GTAATCCAAGCTGGTTCAAGTGC","rpl16"
"GBoL2631_rpl16","CGAGCACGCGCGTGTG","GCTATGCTTAGTGTGTGACTCGTT","GTAATCCAAGCTGGTTCAAGTGC","rpl16"
"GBoL2641_rpl16","GTAGTCTCGCACAGAT","GCTATGCTTAGTGTGTGACTCGTT","GTAATCCAAGCTGGTTCAAGTGC","rpl16"
"GBoL2649_rpl16","GAGACTCTGTGCGCGT","GCTATGCTTAGTGTGTGACTCGTT","GTAATCCAAGCTGGTTCAAGTGC","rpl16"
"GBoL2658_rpl16","GCTCGACTGTGAGAGA","GCTATGCTTAGTGTGTGACTCGTT","GTAATCCAAGCTGGTTCAAGTGC","rpl16"
"GBoL2666_rpl16","AGAGATGTGTGATGAC","GCTATGCTTAGTGTGTGACTCGTT","GTAATCCAAGCTGGTTCAAGTGC","rpl16"
"GBoL2672_rpl16","TACGACTACATATCAG","GCTATGCTTAGTGTGTGACTCGTT","GTAATCCAAGCTGGTTCAAGTGC","rpl16"
"GBoL2682_rpl16","TATCTCTGTAGAGTCT","GCTATGCTTAGTGTGTGACTCGTT","GTAATCCAAGCTGGTTCAAGTGC","rpl16"
"GBoL3650_rpl16","AGAGAGAGACATGCGC","CTATGCTTAGTGTGTGACTC","TCTTCCTCTATGTTGTTTACG","rpl16"
"GBoL3652_rpl16","ACTCTCGCTCTGTAGA","CTATGCTTAGTGTGTGACTC","TCTTCCTCTATGTTGTTTACG","rpl16"
"GBoL3658_rpl16","TCTATGTCTCAGTAGT","CTATGCTTAGTGTGTGACTC","TCTTCCTCTATGTTGTTTACG","rpl16"
"GBoL3661_rpl16","GCGTATATCTCATGCG","CTATGCTTAGTGTGTGACTC","TCTTCCTCTATGTTGTTTACG","rpl16"
"GBoL3662_rpl16","GTGCGTATGTCGCTAC","CTATGCTTAGTGTGTGACTC","TCTTCCTCTATGTTGTTTACG","rpl16"
"GBoL3697_rpl16","TGCTCGCAGTATCACA","CTATGCTTAGTGTGTGACTC","TCTTCCTCTATGTTGTTTACG","rpl16"
"GBoL3699_rpl16","CTGTGTGTGATAGAGT","CTATGCTTAGTGTGTGACTC","TCTTCCTCTATGTTGTTTACG","rpl16"
"GBoL3700_rpl16","CAGTGAGAGCGCGATA","CTATGCTTAGTGTGTGACTC","TCTTCCTCTATGTTGTTTACG","rpl16"
"GBoL3703_rpl16","GTACATATGCGTCTGT","CTATGCTTAGTGTGTGACTC","TCTTCCTCTATGTTGTTTACG","rpl16"
"GBoL3704_rpl16","GAGACTAGAGATAGTG","CTATGCTTAGTGTGTGACTC","TCTTCCTCTATGTTGTTTACG","rpl16"
"GBoL3705_rpl16","TACGCGTGTACGCAGA","CTATGCTTAGTGTGTGACTC","TCTTCCTCTATGTTGTTTACG","rpl16"
"GBoL3727_rpl16","TGTCACTCATCTGAGT","CTATGCTTAGTGTGTGACTC","TCTTCCTCTATGTTGTTTACG","rpl16"
"GBoL3707_rpl16","GCACATACACGCTCAC","CTATGCTTAGTGTGTGACTC","TCTTCCTCTATGTTGTTTACG","rpl16"
"GBoL3701_rpl16","GCTCGTCGCGCGCACA","CTATGCTTAGTGTGTGACTC","TCTTCCTCTATGTTGTTTACG","rpl16"
"GBoL3739_rpl16","ACAGTGCGCTGTCTAT","CTATGCTTAGTGTGTGACTC","TCTTCCTCTATGTTGTTTACG","rpl16"
"GBoL3740_rpl16","TCACACTCTAGAGCGA","CTATGCTTAGTGTGTGACTC","TCTTCCTCTATGTTGTTTACG","rpl16"
"GBoL3457_rpl16","TCACATATGTATACAT","CTATGCTTAGTGTGTGACTC","TCTTCCTCTATGTTGTTTACG","rpl16"
"GBoL3467_rpl16","CGCTGCGAGAGACAGT","CTATGCTTAGTGTGTGACTC","TCTTCCTCTATGTTGTTTACG","rpl16"
"GBoL3459_rpl16","ACACACAGACTGTGAG","CTATGCTTAGTGTGTGACTC","TCTTCCTCTATGTTGTTTACG","rpl16"
"GBoL3474_rpl16","GCAGACTCTCACACGC","CTATGCTTAGTGTGTGACTC","TCTTCCTCTATGTTGTTTACG","rpl16"
"GBoL3472_rpl16","TGCTCTCGTGTACTGT","CTATGCTTAGTGTGTGACTC","TCTTCCTCTATGTTGTTTACG","rpl16"
"GBoL3476_rpl16","GTGTGAGATATATATC","CTATGCTTAGTGTGTGACTC","TCTTCCTCTATGTTGTTTACG","rpl16"
"GBoL3477_rpl16","CTCAGTGTGACACATG","CTATGCTTAGTGTGTGACTC","TCTTCCTCTATGTTGTTTACG","rpl16"
"GBoL3481_rpl16","TGCGAGCGACTCTATC","CTATGCTTAGTGTGTGACTC","TCTTCCTCTATGTTGTTTACG","rpl16"
"GBoL3482_rpl16","GTCAGCTAGTGTCAGC","CTATGCTTAGTGTGTGACTC","TCTTCCTCTATGTTGTTTACG","rpl16"
"GBoL3505_rpl16","AGATATCATCAGCGAG","CTATGCTTAGTGTGTGACTC","TCTTCCTCTATGTTGTTTACG","rpl16"
"GBoL3517_rpl16","GTGCAGTGATCGATGA","CTATGCTTAGTGTGTGACTC","TCTTCCTCTATGTTGTTTACG","rpl16"
"GBoL3484_rpl16","TGACTCGCTCATAGTC","CTATGCTTAGTGTGTGACTC","TCTTCCTCTATGTTGTTTACG","rpl16"
"GBoL3521_rpl16","ATGCTGATGACGCGCT","CTATGCTTAGTGTGTGACTC","TCTTCCTCTATGTTGTTTACG","rpl16"
"GBoL3522_rpl16","GACAGCATCTGCGCTC","CTATGCTTAGTGTGTGACTC","TCTTCCTCTATGTTGTTTACG","rpl16"
"GBoL3523_rpl16","AGCGTCTGACGTGAGT","CTATGCTTAGTGTGTGACTC","TCTTCCTCTATGTTGTTTACG","rpl16"
"GBoL3535_rpl16","TCGATATACGACGTGC","CTATGCTTAGTGTGTGACTC","TCTTCCTCTATGTTGTTTACG","rpl16"
"GBoL3537_rpl16","TCGTCATACGCTCTAG","CTATGCTTAGTGTGTGACTC","TCTTCCTCTATGTTGTTTACG","rpl16"
"GBoL3554_rpl16","CGACTACGTACAGTAG","CTATGCTTAGTGTGTGACTC","TCTTCCTCTATGTTGTTTACG","rpl16"
"GBoL3568_rpl16","GCGTAGACAGACTACA","CTATGCTTAGTGTGTGACTC","TCTTCCTCTATGTTGTTTACG","rpl16"
"GBoL3569_rpl16","ACAGTATGATGTACTC","CTATGCTTAGTGTGTGACTC","TCTTCCTCTATGTTGTTTACG","rpl16"
"GBoL3573_rpl16","GTCTGATAGATACAGA","CTATGCTTAGTGTGTGACTC","TCTTCCTCTATGTTGTTTACG","rpl16"
"GBoL3571_rpl16","CTGCGCAGTACGTGCA","CTATGCTTAGTGTGTGACTC","TCTTCCTCTATGTTGTTTACG","rpl16"
"GBoL3588_rpl16","TAGATCTCTGACTCAC","CTATGCTTAGTGTGTGACTC","TCTTCCTCTATGTTGTTTACG","rpl16"
"GBoL3589_rpl16","CTGATGCGCGCTGTAC","CTATGCTTAGTGTGTGACTC","TCTTCCTCTATGTTGTTTACG","rpl16"
"GBoL3590_rpl16","CACTCGTGCACGATGC","CTATGCTTAGTGTGTGACTC","TCTTCCTCTATGTTGTTTACG","rpl16"
"GBoL3591_rpl16","TGACAGTATCACAGTG","CTATGCTTAGTGTGTGACTC","TCTTCCTCTATGTTGTTTACG","rpl16"
"GBoL3592_rpl16","GAGATACGCTGCAGTC","CTATGCTTAGTGTGTGACTC","TCTTCCTCTATGTTGTTTACG","rpl16"
"GBoL3593_rpl16","ACGTGAGCTCACTCGC","CTATGCTTAGTGTGTGACTC","TCTTCCTCTATGTTGTTTACG","rpl16"
"GBoL3594_rpl16","ATAGAGAGTGTCTCAG","CTATGCTTAGTGTGTGACTC","TCTTCCTCTATGTTGTTTACG","rpl16"
"GBoL3595_rpl16","CATAGAGAGATAGTAT","CTATGCTTAGTGTGTGACTC","TCTTCCTCTATGTTGTTTACG","rpl16"
"GBoL3596_rpl16","ATCTCGAGATGTAGCG","CTATGCTTAGTGTGTGACTC","TCTTCCTCTATGTTGTTTACG","rpl16"
"GBoL3597_rpl16","ACGATCACTCGTGTCA","CTATGCTTAGTGTGTGACTC","TCTTCCTCTATGTTGTTTACG","rpl16"
"GBoL3603_rpl16","GATCGACTCGAGCATC","CTATGCTTAGTGTGTGACTC","TCTTCCTCTATGTTGTTTACG","rpl16"
"GBoL3613_rpl16","ATGCTCACTACTACAT","CTATGCTTAGTGTGTGACTC","TCTTCCTCTATGTTGTTTACG","rpl16"
"GBoL3615_rpl16","CGTGCACATCTATAGC","CTATGCTTAGTGTGTGACTC","TCTTCCTCTATGTTGTTTACG","rpl16"
"GBoL3616_rpl16","GACTGCACATGCACGA","CTATGCTTAGTGTGTGACTC","TCTTCCTCTATGTTGTTTACG","rpl16"
"GBoL3617_rpl16","TATGACTAGTGTACTA","CTATGCTTAGTGTGTGACTC","TCTTCCTCTATGTTGTTTACG","rpl16"
"GBoL3618_rpl16","GACGTGTCGTAGATAT","CTATGCTTAGTGTGTGACTC","TCTTCCTCTATGTTGTTTACG","rpl16"
"GBoL3619_rpl16","ATAGCGACGCGATATA","CTATGCTTAGTGTGTGACTC","TCTTCCTCTATGTTGTTTACG","rpl16"
"GBoL3641_rpl16","ATCGCTGTGTCTATAG","CTATGCTTAGTGTGTGACTC","TCTTCCTCTATGTTGTTTACG","rpl16"
"GBoL3625_rpl16","TCTCACTGATAGCGTG","CTATGCTTAGTGTGTGACTC","TCTTCCTCTATGTTGTTTACG","rpl16"
"GBoL3626_rpl16","TGTCGTCTATCATGTA","CTATGCTTAGTGTGTGACTC","TCTTCCTCTATGTTGTTTACG","rpl16"
"GBoL3627_rpl16","CACACGAGATCTCATC","CTATGCTTAGTGTGTGACTC","TCTTCCTCTATGTTGTTTACG","rpl16"
"GBoL3635_rpl16","AGATACACATGATACT","CTATGCTTAGTGTGTGACTC","TCTTCCTCTATGTTGTTTACG","rpl16"
"GBoL3636_rpl16","CGTGAGTAGTCAGACG","CTATGCTTAGTGTGTGACTC","TCTTCCTCTATGTTGTTTACG","rpl16"
"GBoL3606_rpl16","TCTCGACTGCACATAT","CTATGCTTAGTGTGTGACTC","TCTTCCTCTATGTTGTTTACG","rpl16"
"GBoL3637_rpl16","TGAGTGACGTGTAGCG","CTATGCTTAGTGTGTGACTC","TCTTCCTCTATGTTGTTTACG","rpl16"
"GBoL3541_rpl16","GTGTGCACTCACACTC","CTATGCTTAGTGTGTGACTC","TCTTCCTCTATGTTGTTTACG","rpl16"
