Collector's No,Collector(s),Tissue ID,DNA Sample ID,Order,Family,Genus,Anmerkungen,GBOL ID
KPB 35986,"Buttler,K.P. & Diguet,A.",B GT 0018131,DB 14036,Caryophyllales,Amaranthaceae,Amaranthus albus,,
FJW-2017-0060,F.-J. Weicherding,B GT 0021628,DB 30797,Caryophyllales,Amaranthaceae,Amaranthus blitoides,,
DH-AMBL18-1,D. Hanselmann,B GT 0024247,DB 15796,Caryophyllales,Amaranthaceae,Amaranthus blitum,,
DH-AMBL18-2,D. Hanselmann,B GT 0024262,DB 15799,Caryophyllales,Amaranthaceae,Amaranthus blitum,,
RH 6941,"Hand,R. & Kartierexkursion",B GT 0017193,DB 12470,Caryophyllales,Amaranthaceae,Amaranthus emarginatus,,
7001,"Hand,R.",B GT 0017610,DB 12477,Caryophyllales,Amaranthaceae,Amaranthus emarginatus,,
8752,R. Hand 8752 & M. Berghofer,B GT 0021084,DB 29371,Caryophyllales,Amaranthaceae,Amaranthus emarginatus,,
8788,R. Hand,B GT 0021120,DB 29384,Caryophyllales,Amaranthaceae,Amaranthus emarginatus,,
8022,"Hand,R.",B GT 0017937,DB 13078,Caryophyllales,Amaranthaceae,Amaranthus powellii,,
KPB 35985,"Buttler,K.P. & Diguet,A.",B GT 0018130,DB 14035,Caryophyllales,Amaranthaceae,Amaranthus powellii,,
AMB-GBOL-13,"Barniske,A.-M.",B GT 0018216,DB 14317,Caryophyllales,Amaranthaceae,Amaranthus retroflexus,,
RH 8453,"Hand,R. & Dunkel,F.G.",B GT 0018777,DB 13666,Caryophyllales,Caryophyllaceae,Agrostemma githago,,
36559,K. P. Buttler,B GT 0017766,DB 14919,Caryophyllales,Caryophyllaceae,Arenaria leptoclados,,
WB-124,"Bleeker,W.",B GT 0018225,DB 14441,Caryophyllales,Caryophyllaceae,Arenaria serpyllifolia,,
NM2018/5,N. Meyer,B GT 0024645,DB 15263,Caryophyllales,Caryophyllaceae,Atocion armeria,,
8822,"Hand,R.",B GT 0021154,DB 13882,Caryophyllales,Caryophyllaceae,Atocion rupestre,,
20180932,G. Schepers,B GT 0024532,DB 15357,Caryophyllales,Caryophyllaceae,Atocion rupestre,,
7415,"Hand,R.",B GT 0017353,DB 12585,Caryophyllales,Caryophyllaceae,Cerastium arvense,,
14.05.16.07.,"Wörz,A.",B GT 0018300,DB 14220,Caryophyllales,Caryophyllaceae,Cerastium brachypetalum,,
2017-47,R. Mause,B GT 0021789,DB 15179,Caryophyllales,Caryophyllaceae,Cerastium brachypetalum,,
7368,R. Hand,B GT 0021616,DB 29233,Caryophyllales,Caryophyllaceae,Cerastium dubium,,
PC 213,"Ciongwa,P.",B GT 0021411,DB 14358,Caryophyllales,Caryophyllaceae,Cerastium glomeratum,,
2017-29,R. Mause,B GT 0021818,DB 15173,Caryophyllales,Caryophyllaceae,Cerastium glomeratum,,
2017-8,R. Mause,B GT 0021829,DB 15163,Caryophyllales,Caryophyllaceae,Cerastium glomeratum,,
2017-16,R. Mause,B GT 0021837,DB 15167,Caryophyllales,Caryophyllaceae,Cerastium glomeratum,,
2017-19,R. Mause,B GT 0021840,DB 15168,Caryophyllales,Caryophyllaceae,Cerastium glomeratum,,
PC 151,P. Ciongwa,B GT 0017519,DB 14729,Caryophyllales,Caryophyllaceae,Cerastium glutinosum,,
7336,R. Hand,B GT 0017574,DB 15425,Caryophyllales,Caryophyllaceae,Cerastium glutinosum,,
FJW-2016-0027,"Weicherding,F.-J.",B GT 0017872,DB 13217,Caryophyllales,Caryophyllaceae,Cerastium glutinosum,,
36234,K. P. Buttler,B GT 0018608,DB 14878,Caryophyllales,Caryophyllaceae,Cerastium glutinosum,,
FJW-2014-0004,"Weicherding,F.-J.",B GT 0018348,DB 14330,Caryophyllales,Caryophyllaceae,Cerastium holosteoides,,
RH 7892,"Hand,R. & Niederbichler,C.",B GT 0014738,DB 12957,Caryophyllales,Caryophyllaceae,Cerastium latifolium,,
5081,"Thiv,M.",B GT 0018309,DB 13543,Caryophyllales,Caryophyllaceae,Cerastium pumilum,,
7314,R. Hand,B GT 0017552,DB 15421,Caryophyllales,Caryophyllaceae,Cerastium semidecandrum,,
36233,K. P. Buttler,B GT 0018609,DB 14877,Caryophyllales,Caryophyllaceae,Cerastium semidecandrum,,
8127,R. Hand,B GT 0021247,DB 15230,Caryophyllales,Caryophyllaceae,Cerastium semidecandrum,,
PC 229,"Ciongwa,P.",B GT 0021396,DB 14371,Caryophyllales,Caryophyllaceae,Cerastium tomentosum,,
8968,R. Hand,B GT 0024839,DB 14958,Caryophyllales,Caryophyllaceae,Cochlearia danica,,
RH 8500,"Hand,R. & John,H.",B GT 0018824,DB 13694,Caryophyllales,Caryophyllaceae,Dianthus armeria,,
8297,"Hand,R.",B GT 0021295,DB 13582,Caryophyllales,Caryophyllaceae,Dianthus carthusianorum,,
FJW-2017-0014,F.-J. Weicherding,B GT 0021649,DB 30756,Caryophyllales,Caryophyllaceae,Dianthus carthusianorum,,
WEM069,W. Melenk (GBOL-Bioblitz 2017),B GT 0021907,DB 15675,Caryophyllales,Caryophyllaceae,Dianthus carthusianorum,,
FJW-2014-0085,"Weicherding,F.-J.",B GT 0014649,DB 26829,Caryophyllales,Caryophyllaceae,Dianthus giganteus,Gewebe fehlt; Tüte Aufsammlung nicht vorhanden,
,,B GT 0024751,DB 14990,Caryophyllales,Caryophyllaceae,Dianthus gratianopolitanus,,
9056,R. Hand,B GT 0024850,DB 15036,Caryophyllales,Caryophyllaceae,Dianthus gratianopolitanus,,
20182411,G. Schepers,B GT 0024631,DB 15382,Caryophyllales,Caryophyllaceae,Dianthus superbus,,
RH 7792,"Hand,R., Busl,F. & Niederbichler,C.",B GT 0017009,DB 12873,Caryophyllales,Caryophyllaceae,Dianthus sylvaticus,,
9149,R. Hand 9149 & M. Berghofer,B GT 0024969,DB 15073,Caryophyllales,Caryophyllaceae,Dianthus sylvestris,,
8581,"Hand,R.",B GT 0018905,DB 13748,Caryophyllales,Caryophyllaceae,Gypsophila muralis,,
2018-14,R. Mause,B GT 0024287,DB 15793,Caryophyllales,Caryophyllaceae,Gypsophila muralis,,
8068,"Hand,R.",B GT 0017854,DB 13118,Caryophyllales,Caryophyllaceae,Gypsophila perfoliata,,
PC 234,"Ciongwa,P.",B GT 0021391,DB 14375,Caryophyllales,Caryophyllaceae,Herniaria glabra,,
2669,O. Appel,B GT 0021989,DB 30983,Caryophyllales,Caryophyllaceae,Herniaria glabra,,
8838,"Hand,R.",B GT 0021170,DB 13891,Caryophyllales,Caryophyllaceae,Herniaria hirsuta,,
7312,"Hand,R.",B GT 0017550,DB 12497,Caryophyllales,Caryophyllaceae,Holosteum umbellatum,,
36195,"Buttler,K.P.",B GT 0018416,DB 14054,Caryophyllales,Caryophyllaceae,Holosteum umbellatum,,
2017-25,R. Mause,B GT 0021814,DB 30819,Caryophyllales,Caryophyllaceae,Holosteum umbellatum,,
36479,"Buttler,K.P.",B GT 0018534,DB 14111,Caryophyllales,Caryophyllaceae,Honckenya peploides,,
FJW-2017-0023,F.-J. Weicherding,B GT 0021654,DB 30765,Caryophyllales,Caryophyllaceae,Lychnis coronaria,,
2699,O. Appel,B GT 0024144,DB 15842,Caryophyllales,Caryophyllaceae,Lychnis flos-cuculi,,
7422,"Hand,R.",B GT 0017360,DB 12591,Caryophyllales,Caryophyllaceae,Lychnis viscaria,,
8291,"Hand,R.",B GT 0021289,DB 13578,Caryophyllales,Caryophyllaceae,Lychnis viscaria,,
20170525-46,"Höcker,R.",G BT 0021459,DB 14290,Caryophyllales,Caryophyllaceae,Lychnis viscaria,,
8050,"Hand,R.",B GT 0017837,DB 13102,Caryophyllales,Caryophyllaceae,Minuartia caespitosa,,
2017-120,R. Mause,B GT 0021717,DB 30891,Caryophyllales,Caryophyllaceae,Minuartia caespitosa,,
7900,R. Hand 7900 & C. Niederbichler,B GT 0014731,DB 15452,Caryophyllales,Caryophyllaceae,Minuartia cf. gerardi,,
RH 7871,"Hand,R. & Niederbichler,C.",B GT 0014775,DB 12937,Caryophyllales,Caryophyllaceae,Minuartia gerardi,,
9142,R. Hand,B GT 0024887,DB 15216,Caryophyllales,Caryophyllaceae,Minuartia gerardi,,
9133,R. Hand,B GT 0024888,DB 15214,Caryophyllales,Caryophyllaceae,Minuartia gerardi,,
RH 8765,"Hand,R., Adler,B. & Adler,J.",B GT 0021097,DB 13845,Caryophyllales,Caryophyllaceae,Minuartia hybrida,,
8955,R. Hand 8955 & GEFD-Exkursion,B GT 0024827,DB 14951,Caryophyllales,Caryophyllaceae,Minuartia hybrida,,
9067,R. Hand,B GT 0024891,DB 15044,Caryophyllales,Caryophyllaceae,Minuartia rubra,,
8673,R. Hand,B GT 0021005,DB 15477,Caryophyllales,Caryophyllaceae,Minuartia sedoides,,
9096,R. Hand,B GT 0021962,DB 15211,Caryophyllales,Caryophyllaceae,Minuartia sedoides,,
7706,"Hand,R.",B GT 0014937,DB 12793,Caryophyllales,Caryophyllaceae,Minuartia setacea,,
,B. Schwarzberg,B GT 0024649,DB 15273,Caryophyllales,Caryophyllaceae,Minuartia viscosa,,
RH 7834,"Hand,R. & Niederbichler,C.",B GT 0014815,DB 12914,Caryophyllales,Caryophyllaceae,Moehringia ciliata,,
,,B GT 0018999,DB 14967,Caryophyllales,Caryophyllaceae,Moenchia erecta,,
36897,K. P. Buttler,B GT 0024920,DB 14751,Caryophyllales,Caryophyllaceae,Petrorhagia saxifraga,,
8083,"Hand,R.",B GT 0017921,DB 13130,Caryophyllales,Caryophyllaceae,Polycarpon tetraphyllum,,
RH 8747,"Hand,R., Berghofer,M. & Niederbichler,C.",B GT 0021079,DB 13839,Caryophyllales,Caryophyllaceae,Polycarpon tetraphyllum,,
7619,"Hand,R.",B GT 0014851,DB 12714,Caryophyllales,Caryophyllaceae,Sagina apetala,,
36615,K. P. Buttler,B GT 0017793,DB 14929,Caryophyllales,Caryophyllaceae,Sagina apetala,,
7597,"Hand,R.",B GT 0017037,DB 12698,Caryophyllales,Caryophyllaceae,Sagina maritima,,
7562,"Hand,R.",B GT 0017072,DB 12673,Caryophyllales,Caryophyllaceae,Sagina micropetala,,
RH 8775,"Hand,R. & Höcker,R.",B GT 0021107,DB 13852,Caryophyllales,Caryophyllaceae,Sagina nodosa,,
7599,R. Hand,B GT 0017035,DB 15439,Caryophyllales,Caryophyllaceae,Sagina procumbens,,
7932,R. Hand,B GT 0014706,DB 14673,Caryophyllales,Caryophyllaceae,Sagina saginoides,,
2499,"Appel,O.",B GT 0018100,DB 13473,Caryophyllales,Caryophyllaceae,Saponaria officinalis,,
AMB-GBOL2-128,A.-M. Barniske,B GT 0021877,DB 30942,Caryophyllales,Caryophyllaceae,Saponaria officinalis,,
7617,"Hand,R.",B GT 0017017,DB 12713,Caryophyllales,Caryophyllaceae,Scleranthus annuus,,
6937,"Hand,R.",B GT 0017191,DB 12468,Caryophyllales,Caryophyllaceae,Scleranthus perennis,,
7417,"Hand,R.",B GT 0017355,DB 12587,Caryophyllales,Caryophyllaceae,Scleranthus polycarpos,,
8274,R. Hand,B GT 0021272,DB 29259,Caryophyllales,Caryophyllaceae,Scleranthus polycarpos,,
7352,"Hand,R.",B GT 0017590,DB 12529,Caryophyllales,Caryophyllaceae,Scleranthus verticillatus,,
8273,R. Hand,B GT 0021271,DB 29258,Caryophyllales,Caryophyllaceae,Scleranthus verticillatus,,
9094,R. Hand,B GT 0021963,DB 15124,Caryophyllales,Caryophyllaceae,Silene acaulis,,
8960,R. Hand,B GT 0024803,DB 14955,Caryophyllales,Caryophyllaceae,Silene conica,,
RH 8490,"Hand,R. & John,H.",B GT 0018814,DB 13689,Caryophyllales,Caryophyllaceae,Silene dichotoma,,
FJW-2017-0050,F.-J. Weicherding,B GT 0021691,DB 30787,Caryophyllales,Caryophyllaceae,Silene dichotoma,,
MS-TH-4,"Schön,M.",B GT 0021584,DB 14527,Caryophyllales,Caryophyllaceae,Silene dioica,,
AMB-GBOL2-123,A.-M. Barniske,B GT 0021882,DB 30937,Caryophyllales,Caryophyllaceae,Silene dioica,,
PC 253,"Ciongwa,P.",B GT 0021372,DB 14392,Caryophyllales,Caryophyllaceae,Silene latifolia,,
8392,"Hand,R.",B GT 0018716,DB 13634,Caryophyllales,Caryophyllaceae,Silene nutans,,
,,B GT 0024722,DB 15017,Caryophyllales,Caryophyllaceae,Silene tatarica,,
8049,"Hand,R.",B GT 0017836,DB 13101,Caryophyllales,Caryophyllaceae,Silene vulgaris,,
2655,O. Appel,B GT 0021993,DB 30974,Caryophyllales,Caryophyllaceae,Silene vulgaris,,
7546,"Hand,R.",B GT 0017088,DB 12658,Caryophyllales,Caryophyllaceae,Spergula arvensis,,
2513,"Appel,O.",B GT 0018047,DB 13477,Caryophyllales,Caryophyllaceae,Spergula arvensis,,
8335,R. Hand 8335 & GEFD-Exkursion,B GT 0018658,DB 29276,Caryophyllales,Caryophyllaceae,Spergula pentandra,,
RH 7226,"Hand,R. & GEFD-Exkursion",B GT 0005594,DB 13548,Caryophyllales,Caryophyllaceae,Spergularia kurkae,,
14026,"Zippel,E.",B GT 0018362,DB 13937,Caryophyllales,Caryophyllaceae,Spergularia marina,,
36755,K. P. Buttler 36755 & S. Gottschalk,B GT 0018423,DB 14905,Caryophyllales,Caryophyllaceae,Spergularia marina,,
7613,R. Hand,B GT 0017021,DB 14667,Caryophyllales,Caryophyllaceae,Spergularia media,,
8062,"Hand,R.",B GT 0017848,DB 13112,Caryophyllales,Caryophyllaceae,Spergularia media,,
7585,R. Hand,B GT 0017049,DB 15437,Caryophyllales,Caryophyllaceae,Spergularia rubra,,
36467,"Buttler,K.P.",B GT 0017728,DB 14103,Caryophyllales,Caryophyllaceae,Spergularia rubra,,
MS-TH-13,"Schön,M.",B GT 0021593,DB 14533,Caryophyllales,Caryophyllaceae,Stellaria alsine,,
WB-122,"Bleeker,W.",B GT 0018226,DB 14440,Caryophyllales,Caryophyllaceae,Stellaria aquatica,,
36899,K. P. Buttler,B GT 0024917,DB 14778,Caryophyllales,Caryophyllaceae,Stellaria graminea,,
FJW-2017-0010,F.-J. Weicherding,B GT 0021603,DB 30753,Caryophyllales,Caryophyllaceae,Stellaria media,,
2017-4,R. Mause,B GT 0021825,DB 15162,Caryophyllales,Caryophyllaceae,Stellaria media,,
AMB-GBOL2-101,A.-M. Barniske,B GT 0021862,DB 30915,Caryophyllales,Caryophyllaceae,Stellaria media,,
2017-21,R. Mause,B GT 0021842,DB 15169,Caryophyllales,Caryophyllaceae,Stellaria neglecta,,
2394,O. Appel,B GT 0017232,DB 14601,Caryophyllales,Caryophyllaceae,Stellaria nemorum,,
PC 216,"Ciongwa,P.",B GT 0021408,DB 14360,Caryophyllales,Caryophyllaceae,Stellaria nemorum,,
AMB-GBOL2-94,A.-M. Barniske,B GT 0021848,DB 30908,Caryophyllales,Caryophyllaceae,Stellaria nemorum,,
36892,K. P. Buttler,B GT 0024931,DB 14767,Caryophyllales,Caryophyllaceae,Stellaria nemorum,,
9057,R. Hand,B GT 0024851,DB 15037,Caryophyllales,Caryophyllaceae,Thymus praecox,,
MJ 18-3,M. Jäger,B GT 0024102,DB 15664,Caryophyllales,Chenopodiaceae,Atriplex calotheca,,
36503,K. P. Buttler,B GT 0018532,DB 15498,Caryophyllales,Chenopodiaceae,Atriplex cf. longipes,,
7039,R. Hand,B GT 0017622,DB 15418,Caryophyllales,Chenopodiaceae,Atriplex cf. prostrata,,
FJW-2014-0118,F.-J. Weicherding,B GT 0018323,DB 15509,Caryophyllales,Chenopodiaceae,Atriplex cf. prostrata,,
NHG 20161008-03,W. Troeder,B GT 0017370,DB 14726,Caryophyllales,Chenopodiaceae,Atriplex oblongifolia,,
8072,R. Hand 8072 & GEFD-Exkursion,B GT 0017858,DB 15459,Caryophyllales,Chenopodiaceae,Atriplex patula,,
7026,"Hand,R.",B GT 0017618,DB 12480,Caryophyllales,Chenopodiaceae,Atriplex prostrata,,
7034,R. Hand,B GT 0017620,DB 15417,Caryophyllales,Chenopodiaceae,Atriplex prostrata,,
7048,R. Hand,B GT 0017624,DB 15419,Caryophyllales,Chenopodiaceae,Atriplex prostrata,,
20182414,G. Schepers,B GT 0024621,DB 15774,Caryophyllales,Chenopodiaceae,Atriplex prostrata,,
8044,"Hand,R.",B GT 0017824,DB 13097,Caryophyllales,Chenopodiaceae,Atriplex rosea,,
8066,"Hand,R.",B GT 0017852,DB 13116,Caryophyllales,Chenopodiaceae,Atriplex rosea,,
FJW-2016-0070,"Weicherding,F.-J.",B GT 0017637,DB 13258,Caryophyllales,Chenopodiaceae,Atriplex sagittata,,
8048,"Hand,R.",B GT 0017835,DB 13100,Caryophyllales,Chenopodiaceae,Atriplex tatarica,,
8060,"Hand,R.",B GT 0017846,DB 13110,Caryophyllales,Chenopodiaceae,Atriplex tatarica,,
AS-BALA18,A. Schönhofer,B GT 0024267,DB 15805,Caryophyllales,Chenopodiaceae,Bassia laniflora,,
,A. König,B GT 0024379,DB 15612,Caryophyllales,Chenopodiaceae,Bassia laniflora,,
8059,"Hand,R.",B GT 0017845,DB 13109,Caryophyllales,Chenopodiaceae,Bassia scoparia,,
,A. König,B GT 0024498,DB 15613,Caryophyllales,Chenopodiaceae,Brassica oleracea,Gewebe fehlt; Tüte Aufsammlung nicht vorhanden,
2016-35,"Mause,R.",B GT 0017480,DB 13534,Caryophyllales,Chenopodiaceae,Chenopodium bonus-henricus,,
,,B GT 0024795,DB 14970,Caryophyllales,Chenopodiaceae,Chenopodium bonus-henricus,,
20180902,G. Schepers,B GT 0024902,DB 15331,Caryophyllales,Chenopodiaceae,Chenopodium bonus-henricus,Gewebe fehlt; Tüte Aufsammlung nicht vorhanden,
RH 8077,"Hand,R. & GEFD-Exkursion",B GT 0017915,DB 13125,Caryophyllales,Chenopodiaceae,Chenopodium chenopodioides,,
8736,"Hand,R.",B GT 0021068,DB 13833,Caryophyllales,Chenopodiaceae,Chenopodium ficifolium,,
2017-103,R. Mause,B GT 0021705,DB 30875,Caryophyllales,Chenopodiaceae,Chenopodium hybridum,,
8021,"Hand,R.",B GT 0017936,DB 13077,Caryophyllales,Chenopodiaceae,Chenopodium rubrum,,
PC 88,P. Ciongwa,B GT 0018238,DB 15518,Caryophyllales,Chenopodiaceae,Chenopodium strictum,,
FJW-2014-0093,"Weicherding,F.-J.",B GT 0018326,DB 14334,Caryophyllales,Chenopodiaceae,Chenopodium strictum,,
36789,K. P. Buttler 36789 & A. Diguet,B GT 0018474,DB 15744,Caryophyllales,Chenopodiaceae,Chenopodium urbicum,,
20170728-74,R. Höcker,G BT 0021487,DB 29483,Caryophyllales,Chenopodiaceae,Chenopodium urbicum,,
RH 8599,"Hand,R. & Seitz,H.",B GT 0018923,DB 13760,Caryophyllales,Chenopodiaceae,Chenopodium vulvaria,,
20170716-68,"Höcker,R.",G BT 0021481,DB 14304,Caryophyllales,Chenopodiaceae,Corispermum leptopterum,,
KPB 36790,"Buttler,K.P. & Diguet,A.",B GT 0018426,DB 14212,Caryophyllales,Chenopodiaceae,Dysphania botrys,,
35915,"Buttler,K.P.",B GT 0018129,DB 14031,Caryophyllales,Chenopodiaceae,Dysphania pumilio,,
NM2017/2,N. Meyer,B GT 0021622,DB 29525,Caryophyllales,Chenopodiaceae,Polycnemum majus,,
8064,"Hand,R.",B GT 0017850,DB 13114,Caryophyllales,Chenopodiaceae,Salicornia europaea,,
7602,R. Hand,B GT 0017032,DB 15441,Caryophyllales,Chenopodiaceae,Salicornia stricta,,
DS-2018-013,D. Schabelreiter,B GT 0024417,DB 15540,Caryophyllales,Chenopodiaceae,Salicornia stricta,,
8058,"Hand,R.",B GT 0017844,DB 13108,Caryophyllales,Chenopodiaceae,Salsola tragus,,
8057,"Hand,R.",B GT 0017843,DB 13107,Caryophyllales,Chenopodiaceae,Suaeda maritima,,
8715,R. Hand 8715 & M. Berghofer,B GT 0021047,DB 29354,Caryophyllales,Droseraceae,Drosera anglica,,
8714,R. Hand 8714 & M. Berghofer,B GT 0021046,DB 15243,Caryophyllales,Droseraceae,Drosera cf. intermedia,,
2660,O. Appel,B GT 0021811,DB 14566,Caryophyllales,Droseraceae,Drosera intermedia,,
2017-105,R. Mause,B GT 0021703,DB 30877,Caryophyllales,Droseraceae,Drosera rotundifolia,,
7583,"Hand,R.",B GT 0017051,DB 12688,Caryophyllales,Montiaceae,Claytonia perfoliata,,
2340,"Appel,O.",B GT 0017228,DB 13382,Caryophyllales,Montiaceae,Claytonia perfoliata,Gewebe fehlt; Tüte Aufsammlung nicht vorhanden,
2016-6,R. Mause,B GT 0017471,DB 15506,Caryophyllales,Montiaceae,Montia arvensis,,
2016-3,R. Mause,B GT 0017491,DB 15504,Caryophyllales,Montiaceae,Montia arvensis,,
2016-1,R. Mause,B GT 0017498,DB 15503,Caryophyllales,Montiaceae,Montia arvensis,,
FJW-2016-0079,"Weicherding,F.-J.",B GT 0017628,DB 13267,Caryophyllales,Phytolaccaceae,Phytolacca americana,Gewebe fehlt; Tüte Aufsammlung nicht vorhanden,
36734,K. P. Buttler,B GT 0018490,DB 14702,Caryophyllales,Phytolaccaceae,Phytolacca americana,,
36497,K. P. Buttler,B GT 0018542,DB 15497,Caryophyllales,Plumbaginaceae,Armeria maritima,,
WEM070,W. Melenk (GBOL-Bioblitz 2017),B GT 0021911,DB 30987,Caryophyllales,Plumbaginaceae,Armeria maritima,,
7600,"Hand,R.",B GT 0017034,DB 12700,Caryophyllales,Plumbaginaceae,Limonium vulgare,,
2477,"Appel,O.",B GT 0018024,DB 13467,Caryophyllales,Polygonaceae,Aconogonon polystachyum,,
FJW-2016-0088,F.-J. Weicherding,B GT 0021630,DB 14569,Caryophyllales,Polygonaceae,Aconogonon polystachyum,,
20182417,G. Schepers,B GT 0024625,DB 15387,Caryophyllales,Polygonaceae,Aconogonon polystachyum,,
36720,K. P. Buttler,B GT 0018443,DB 29457,Caryophyllales,Polygonaceae,Bistorta officinalis,,
20180230,G. Schepers,B GT 0024575,DB 15309,Caryophyllales,Polygonaceae,Bistorta officinalis,,
RH 7872,"Hand,R. & Niederbichler,C.",B GT 0014774,DB 12938,Caryophyllales,Polygonaceae,Bistorta vivipara,,
9074,R. Hand 9074 & M. Berghofer,B GT 0024871,DB 15050,Caryophyllales,Polygonaceae,Bistorta vivipara,,
2544,"Appel,O.",B GT 0017257,DB 13489,Caryophyllales,Polygonaceae,Fallopia dumetorum,,
PC 298,"Ciongwa,P.",B GT 0021443,DB 14421,Caryophyllales,Polygonaceae,Fallopia dumetorum,,
2497,O. Appel,B GT 0018099,DB 14622,Caryophyllales,Polygonaceae,Fallopia japonica,,
36716,K. P. Buttler,B GT 0018461,DB 29455,Caryophyllales,Polygonaceae,Fallopia sachalinensis,,
RH 7899,"Hand,R. & Niederbichler,C.",B GT 0014745,DB 12964,Caryophyllales,Polygonaceae,Oxyria digyna,,
2494,O. Appel,B GT 0017264,DB 14620,Caryophyllales,Polygonaceae,Persicaria hydropiper,,
2493,O. Appel,B GT 0017265,DB 14619,Caryophyllales,Polygonaceae,Persicaria lapathifolia,,
6974,R. Hand 6974 & GEFD-Exkursion,B GT 0017605,DB 14653,Caryophyllales,Polygonaceae,Persicaria lapathifolia,,
2584,O. Appel,B GT 0018095,DB 14637,Caryophyllales,Polygonaceae,Persicaria lapathifolia,,
36772,K. P. Buttler,B GT 0018470,DB 14934,Caryophyllales,Polygonaceae,Persicaria lapathifolia,,
PC 295,P. Ciongwa,B GT 0021440,DB 15258,Caryophyllales,Polygonaceae,Persicaria lapathifolia,,
2490,O. Appel,B GT 0017262,DB 14618,Caryophyllales,Polygonaceae,Persicaria maculosa,,
2515,O. Appel,B GT 0018043,DB 14627,Caryophyllales,Polygonaceae,Persicaria maculosa,,
2572,O. Appel,B GT 0018071,DB 14633,Caryophyllales,Polygonaceae,Persicaria mitis,,
13.07.18.07.,"Wörz,A.",B GT 0018303,DB 14217,Caryophyllales,Polygonaceae,Polygonum aviculare,,
PC 80,"Ciongwa,P.",B GT 0018234,DB 14431,Caryophyllales,Polygonaceae,Rumex ×pratensis,,
8827,R. Hand,B GT 0021159,DB 15484,Caryophyllales,Polygonaceae,Rumex acetosa,,
MS-TH-5,"Schön,M.",B GT 0021585,DB 14528,Caryophyllales,Polygonaceae,Rumex acetosa,,
FJW-2017-0024,F.-J. Weicherding,B GT 0021666,DB 30766,Caryophyllales,Polygonaceae,Rumex acetosella,,
2647,O. Appel,B GT 0021995,DB 14562,Caryophyllales,Polygonaceae,Rumex acetosella,,
RH 7983,"Hand,R., Berghofer,M. & Niederbichler,C.",B GT 0014673,DB 13042,Caryophyllales,Polygonaceae,Rumex alpinus,,
PC 96,"Ciongwa,P.",B GT 0018242,DB 14436,Caryophyllales,Polygonaceae,Rumex aquaticus,Gewebe fehlt; Tüte Aufsammlung nicht vorhanden,
20180901,G. Schepers,B GT 0024540,DB 15330,Caryophyllales,Polygonaceae,Rumex arifolius,,
,R. Prasse,B GT 0024244,DB 15794,Caryophyllales,Polygonaceae,Rumex confertus,,
36619,K. P. Buttler,B GT 0017797,DB 14700,Caryophyllales,Polygonaceae,Rumex conglomeratus,,
35721,K. P. Buttler,B GT 0018180,DB 14675,Caryophyllales,Polygonaceae,Rumex conglomeratus,,
14.06.10.05.,"Wörz,A.",B GT 0018301,DB 14221,Caryophyllales,Polygonaceae,Rumex conglomeratus,,
RH 7755,"Hand,R. & Niederbichler,C.",B GT 0014994,DB 12838,Caryophyllales,Polygonaceae,Rumex hydrolapathum,,
36770,K. P. Buttler,B GT 0018469,DB 14935,Caryophyllales,Polygonaceae,Rumex maritimus,,
,C. Niederbichler,B GT 0018524,DB 15526,Caryophyllales,Polygonaceae,Rumex maritimus,,
9135,R. Hand,B GT 0024881,DB 14963,Caryophyllales,Polygonaceae,Rumex nivalis,,
8018,R. Hand,B GT 0017933,DB 15454,Caryophyllales,Polygonaceae,Rumex obtusifolius,,
2651,O. Appel,B GT 0022000,DB 15401,Caryophyllales,Polygonaceae,Rumex obtusifolius,,
MJ 18-15,M. Jäger,B GT 0024101,DB 15667,Caryophyllales,Polygonaceae,Rumex obtusifolius,,
20180820-06,R. Höcker,B GT 0024423,DB 15549,Caryophyllales,Polygonaceae,Rumex obtusifolius,,
36771,K. P. Buttler,B GT 0018471,DB 14908,Caryophyllales,Polygonaceae,Rumex palustris,,
GBOL-022,G. Himpel,B GT 0024465,DB 15571,Caryophyllales,Polygonaceae,Rumex pulcher,,
20180913,G. Schepers,B GT 0024716,DB 15341,Caryophyllales,Polygonaceae,Rumex pulcher,,
36896,K. P. Buttler,B GT 0024927,DB 14774,Caryophyllales,Polygonaceae,Rumex sanguineus,,
8023,R. Hand,B GT 0017938,DB 15455,Caryophyllales,Polygonaceae,Rumex stenophyllus,,
2708,O. Appel,B GT 0024150,DB 35153,Caryophyllales,Polygonaceae,Rumex triangulivalvis,,
PC 308,P. Ciongwa,B GT 0021452,DB 29523,Caryophyllales,Portulacaceae,Portulaca oleracea,,
PC 178,"Ciongwa,P.",B GT 0017446,DB 13183,Lamiales,Lamiaceae,Acinos arvensis,,
20180914,G. Schepers,B GT 0024608,DB 15342,Lamiales,Lamiaceae,Ajuga chamaepitys,,
2014-7,"Mause,R.",B GT 0018256,DB 14250,Lamiales,Lamiaceae,Ajuga genevensis,,
2017-57,R. Mause,B GT 0021770,DB 15183,Lamiales,Lamiaceae,Ajuga pyramidalis,,
2395,"Appel,O.",B GT 0017249,DB 13416,Lamiales,Lamiaceae,Ajuga reptans,,
36818,K. P. Buttler,B GT 0024913,DB 14737,Lamiales,Lamiaceae,Ajuga reptans,,
,"Mause,R.",B GT 0014650,DB 26830,Lamiales,Lamiaceae,Ajuga x hampeana,,
PC 184,P. Ciongwa,B GT 0017461,DB 14731,Lamiales,Lamiaceae,Ballota nigra,,
35916,"Buttler,K.P.",B GT 0018134,DB 14032,Lamiales,Lamiaceae,Ballota nigra,,
WEM098,W. Melenk (GBOL-Bioblitz 2017),B GT 0021941,DB 31004,Lamiales,Lamiaceae,Ballota nigra,,
8603,"Hand,R.",B GT 0018927,DB 13762,Lamiales,Lamiaceae,Betonica alopecuros,,
35809,"Buttler,K.P.",B GT 0018179,DB 13992,Lamiales,Lamiaceae,Betonica officinalis,,
8649,"Hand,R.",B GT 0018972,DB 13783,Lamiales,Lamiaceae,Calamintha foliosa,,
8535,"Hand,R.",B GT 0018859,DB 13718,Lamiales,Lamiaceae,Calamintha menthifolia,,
8807,"Hand,R.",B GT 0021139,DB 13871,Lamiales,Lamiaceae,Calamintha menthifolia,,
2017-127,R. Mause,B GT 0021742,DB 30896,Lamiales,Lamiaceae,Calamintha menthifolia,,
36633,"Buttler,K.P.",B GT 0017792,DB 14166,Lamiales,Lamiaceae,Clinopodium vulgare,,
35863,"Buttler,K.P.",B GT 0018192,DB 14015,Lamiales,Lamiaceae,Clinopodium vulgare,,
36682,"Buttler,K.P.",B GT 0018442,DB 14191,Lamiales,Lamiaceae,Cymbalaria muralis,,
2365,"Appel,O.",B GT 0017217,DB 13398,Lamiales,Lamiaceae,Galeobdolon argentatum,,
FJW-2016-0017,"Weicherding,F.-J.",B GT 0017784,DB 13207,Lamiales,Lamiaceae,Galeobdolon argentatum,,
8082,"Hand,R.",B GT 0017920,DB 13129,Lamiales,Lamiaceae,Galeobdolon argentatum,,
36423,K. P. Buttler,B GT 0018621,DB 14882,Lamiales,Lamiaceae,Galeobdolon argentatum,,
2382,O. Appel,B GT 0017207,DB 14597,Lamiales,Lamiaceae,Galeobdolon luteum,,
2383,O. Appel,B GT 0017208,DB 14598,Lamiales,Lamiaceae,Galeobdolon luteum,,
36470,K. P. Buttler,B GT 0018573,DB 14884,Lamiales,Lamiaceae,Galeobdolon luteum,,
36353,K. P. Buttler,B GT 0018613,DB 14880,Lamiales,Lamiaceae,Galeobdolon luteum,,
2681,O. Appel,B GT 0024138,DB 15837,Lamiales,Lamiaceae,Galeobdolon luteum,,
PC 131,"Ciongwa,P.",B GT 0017428,DB 13148,Lamiales,Lamiaceae,Galeobdolon montanum,,
FJW-2016-0022,"Weicherding,F.-J.",B GT 0017877,DB 13212,Lamiales,Lamiaceae,Galeobdolon montanum,,
36424,K. P. Buttler,B GT 0018592,DB 14883,Lamiales,Lamiaceae,Galeobdolon montanum,,
8731,"Hand,R.",B GT 0021063,DB 13829,Lamiales,Lamiaceae,Galeopsis angustifolia,,
2017-126,R. Mause,B GT 0021743,DB 30895,Lamiales,Lamiaceae,Galeopsis angustifolia,,
2017-125,R. Mause,B GT 0021744,DB 15194,Lamiales,Lamiaceae,Galeopsis angustifolia,,
GBOL-026,G. Himpel,B GT 0024469,DB 15575,Lamiales,Lamiaceae,Galeopsis ladanum,,
2540,O. Appel,B GT 0018104,DB 14630,Lamiales,Lamiaceae,Galeopsis pubescens,,
8851,"Hand,R.",B GT 0021183,DB 13900,Lamiales,Lamiaceae,Galeopsis pubescens,,
8554,"Hand,R.",B GT 0018878,DB 13733,Lamiales,Lamiaceae,Galeopsis segetum,,
8820,"Hand,R.",B GT 0021152,DB 13880,Lamiales,Lamiaceae,Galeopsis segetum,,
FJW-2017-0042,F.-J. Weicherding,B GT 0021682,DB 30780,Lamiales,Lamiaceae,Galeopsis segetum,,
2017-91,R. Mause,B GT 0021749,DB 15190,Lamiales,Lamiaceae,Galeopsis segetum,,
2017-90,R. Mause,B GT 0021750,DB 30865,Lamiales,Lamiaceae,Galeopsis segetum,,
36913,K. P. Buttler,B GT 0024916,DB 14799,Lamiales,Lamiaceae,Galeopsis segetum,,
PC 194,"Ciongwa,P.",B GT 0017437,DB 14548,Lamiales,Lamiaceae,Galeopsis speciosa,,
2541,O. Appel,B GT 0018106,DB 14631,Lamiales,Lamiaceae,Galeopsis speciosa,,
KPB 36747,"Buttler,K.P. & Gutte,P.",B GT 0018475,DB 14203,Lamiales,Lamiaceae,Galeopsis speciosa,,
8655,"Hand,R.",B GT 0018978,DB 13786,Lamiales,Lamiaceae,Galeopsis speciosa,,
2571,O. Appel,B GT 0018015,DB 14632,Lamiales,Lamiaceae,Galeopsis tetrahit,,
36727,K. P. Buttler,B GT 0018485,DB 29461,Lamiales,Lamiaceae,Galeopsis tetrahit,,
AMB-GBOL2-50,"Barniske,A.-M.",B GT 0017643,DB 13335,Lamiales,Lamiaceae,Glechoma hederacea,,
2355,"Appel,O.",B GT 0018011,DB 13390,Lamiales,Lamiaceae,Glechoma hederacea,,
36428,"Buttler,K.P.",B GT 0018626,DB 14090,Lamiales,Lamiaceae,Glechoma hederacea,,
PC 289,"Ciongwa,P.",B GT 0021434,DB 14417,Lamiales,Lamiaceae,Hyssopus officinalis,,
NHG-20170928-95,"Höcker,R.",B GT 0021548,DB 14509,Lamiales,Lamiaceae,Hyssopus officinalis,,
MS-SH-5,"Schön,M.",B GT 0017270,DB 13276,Lamiales,Lamiaceae,Lamium album,,
2379,"Appel,O.",B GT 0017494,DB 13405,Lamiales,Lamiaceae,Lamium album,,
AMB-GBOL2-48,"Barniske,A.-M.",B GT 0017641,DB 13333,Lamiales,Lamiaceae,Lamium album,,
2416,"Appel,O.",B GT 0017710,DB 13426,Lamiales,Lamiaceae,Lamium album,,
36595,"Buttler,K.P.",B GT 0017767,DB 14151,Lamiales,Lamiaceae,Lamium album,,
PC 124,"Ciongwa,P.",B GT 0017422,DB 14546,Lamiales,Lamiaceae,Lamium amplexicaule,,
2017-31,R. Mause,B GT 0021802,DB 30822,Lamiales,Lamiaceae,Lamium amplexicaule,,
20170531-52,"Höcker,R.",G BT 0021465,DB 14296,Lamiales,Lamiaceae,Lamium amplexicaule,,
PC 109,"Ciongwa,P.",B GT 0017399,DB 13138,Lamiales,Lamiaceae,Lamium maculatum,,
2361,"Appel,O.",B GT 0018008,DB 13395,Lamiales,Lamiaceae,Lamium maculatum,,
36356,"Buttler,K.P.",B GT 0018615,DB 14073,Lamiales,Lamiaceae,Lamium maculatum,,
7616,R. Hand,B GT 0017018,DB 15442,Lamiales,Lamiaceae,Lamium purpureum,,
2335,O. Appel,B GT 0017234,DB 14587,Lamiales,Lamiaceae,Lamium purpureum,,
36172,"Buttler,K.P.",B GT 0018417,DB 14038,Lamiales,Lamiaceae,Lamium purpureum,,
PC 205,"Ciongwa,P.",B GT 0021419,DB 14352,Lamiales,Lamiaceae,Lamium purpureum,,
2017-30,R. Mause,B GT 0021801,DB 30821,Lamiales,Lamiaceae,Lamium purpureum,,
2017-11,R. Mause,B GT 0021832,DB 30811,Lamiales,Lamiaceae,Lamium purpureum,,
AMB-GBOL2-104,A.-M. Barniske,B GT 0021860,DB 30918,Lamiales,Lamiaceae,Lamium purpureum,,
PC 189,"Ciongwa,P.",B GT 0017432,DB 13190,Lamiales,Lamiaceae,Leonurus cardiaca,,
KPB 36762,"Buttler,K.P. & Bär,K.",B GT 0018424,DB 14206,Lamiales,Lamiaceae,Leonurus cardiaca,,
20180920,G. Schepers,B GT 0024541,DB 15348,Lamiales,Lamiaceae,Leonurus cardiaca,,
2469,"Appel,O.",B GT 0018090,DB 13460,Lamiales,Lamiaceae,Lycopus europaeus,,
35858,"Buttler,K.P.",B GT 0018194,DB 14011,Lamiales,Lamiaceae,Lycopus europaeus,,
36692,K. P. Buttler,B GT 0018448,DB 29446,Lamiales,Lamiaceae,Lycopus europaeus,,
8035,"Hand,R.",B GT 0017815,DB 13089,Lamiales,Lamiaceae,Marrubium peregrinum,,
8045,"Hand,R.",B GT 0017825,DB 13098,Lamiales,Lamiaceae,Marrubium vulgare,,
RH 8343,"Hand,R. & GEFD-Exkursion",B GT 0018666,DB 13608,Lamiales,Lamiaceae,Marrubium vulgare,,
KPB 36695,"Buttler,K.P. & Diguet,A.",B GT 0018449,DB 14195,Lamiales,Lamiaceae,Melissa officinalis,,
8516,"Hand,R.",B GT 0018840,DB 13706,Lamiales,Lamiaceae,Melissa officinalis,,
8834,"Hand,R.",B GT 0021166,DB 13888,Lamiales,Lamiaceae,Melittis melissophyllum,,
9054,R. Hand,B GT 0024856,DB 15034,Lamiales,Lamiaceae,Melittis melissophyllum,,
7729,R. Hand 7729 & C. Niederbichler,B GT 0014960,DB 15449,Lamiales,Lamiaceae,Mentha aquatica,,
2498,O. Appel,B GT 0018101,DB 14623,Lamiales,Lamiaceae,Mentha aquatica,,
35869,"Buttler,K.P.",B GT 0018122,DB 14017,Lamiales,Lamiaceae,Mentha aquatica,,
35806,"Buttler,K.P.",B GT 0018147,DB 13989,Lamiales,Lamiaceae,Mentha arvensis,,
8847,"Hand,R.",B GT 0021179,DB 13897,Lamiales,Lamiaceae,Mentha arvensis,,
9167,"R. Hand 9167, R. Fritsch, S. Caspari & al.",B GT 0024762,DB 15138,Lamiales,Lamiaceae,Mentha arvensis,,
7683,R. Hand,B GT 0014914,DB 14669,Lamiales,Lamiaceae,Mentha longifolia,,
PC 198,P. Ciongwa,B GT 0017441,DB 14937,Lamiales,Lamiaceae,Mentha longifolia,,
36691,K. P. Buttler,B GT 0018446,DB 14921,Lamiales,Lamiaceae,Mentha longifolia,,
8691,R. Hand,B GT 0021023,DB 29350,Lamiales,Lamiaceae,Mentha longifolia,,
2509,O. Appel,B GT 0017259,DB 15410,Lamiales,Lamiaceae,Mentha piperita,,
8029,R. Hand,B GT 0017809,DB 15456,Lamiales,Lamiaceae,Mentha spicata,,
8526,R. Hand,B GT 0018850,DB 29326,Lamiales,Lamiaceae,Mentha spicata,,
8529,R. Hand,B GT 0018853,DB 29327,Lamiales,Lamiaceae,Mentha suaveolens,,
8539,R. Hand,B GT 0018863,DB 14841,Lamiales,Lamiaceae,Mentha villosa,,
8830,"Hand,R.",B GT 0021162,DB 13885,Lamiales,Lamiaceae,Nepeta cataria,,
FJW-2017-0056,F.-J. Weicherding,B GT 0021647,DB 30793,Lamiales,Lamiaceae,Nepeta cataria,,
DH-NECA18-1,D. Hanselmann,B GT 0024246,DB 15802,Lamiales,Lamiaceae,Nepeta cataria,,
DH-NECA18-2,D. Hanselmann,B GT 0024270,DB 15804,Lamiales,Lamiaceae,Nepeta cataria,,
,,B GT 0024734,DB 15006,Lamiales,Lamiaceae,Nepeta cataria,,
9187,R. Hand,B GT 0024784,DB 15154,Lamiales,Lamiaceae,Nepeta grandiflora,,
8593,R. Hand 8593 & H. Seitz,B GT 0018917,DB 15476,Lamiales,Lamiaceae,Nepeta nuda,,
36632,K. P. Buttler,B GT 0017788,DB 29438,Lamiales,Lamiaceae,Origanum vulgare,,
2520,"Appel,O.",B GT 0018036,DB 13482,Lamiales,Lamiaceae,Origanum vulgare,,
8542,"Hand,R.",B GT 0018866,DB 13724,Lamiales,Lamiaceae,Origanum vulgare,,
PC 270,"Ciongwa,P.",B GT 0021355,DB 14405,Lamiales,Lamiaceae,Origanum vulgare,,
KPB 35737,"Buttler,K.P. & Diguet,A.",B GT 0018185,DB 13971,Lamiales,Lamiaceae,Prunella grandiflora,,
2017-130,R. Mause,B GT 0021739,DB 15196,Lamiales,Lamiaceae,Prunella grandiflora,,
PC 179,"Ciongwa,P.",B GT 0017447,DB 13184,Lamiales,Lamiaceae,Prunella laciniata,,
7666,R. Hand,B GT 0014897,DB 15445,Lamiales,Lamiaceae,Prunella vulgaris,,
AMB-GBOL2-75,"Barniske,A.-M.",B GT 0017687,DB 13360,Lamiales,Lamiaceae,Prunella vulgaris,,
36617,K. P. Buttler,B GT 0017795,DB 29435,Lamiales,Lamiaceae,Prunella vulgaris,,
2525,"Appel,O.",B GT 0018040,DB 13486,Lamiales,Lamiaceae,Prunella vulgaris,,
7851,R. Hand,B GT 0014795,DB 29247,Lamiales,Lamiaceae,Salvia glutinosa,,
8812,"Hand,R.",B GT 0021144,DB 13873,Lamiales,Lamiaceae,Salvia glutinosa,,
8036,"Hand,R.",B GT 0017816,DB 13090,Lamiales,Lamiaceae,Salvia nemorosa,,
8892,"Hand,R.",B GT 0021224,DB 13925,Lamiales,Lamiaceae,Salvia nemorosa,,
PC 162,"Ciongwa,P.",B GT 0017514,DB 13174,Lamiales,Lamiaceae,Salvia pratensis,,
8294,"Hand,R.",B GT 0021292,DB 13580,Lamiales,Lamiaceae,Salvia pratensis,,
8511,"Hand,R.",B GT 0018835,DB 13702,Lamiales,Lamiaceae,Salvia verticillata,,
8028,"Hand,R.",B GT 0017808,DB 11295,Lamiales,Lamiaceae,Scutellaria altissima,,
NM 2017/19,N. Meyer,B GT 0021608,DB 29542,Lamiales,Lamiaceae,Scutellaria altissima,,
RH 7750,"Hand,R. & Niederbichler,C.",B GT 0014980,DB 11293,Lamiales,Lamiaceae,Scutellaria galericulata,,
8025,"Hand,R.",B GT 0017940,DB 11294,Lamiales,Lamiaceae,Scutellaria galericulata,Gewebe fehlt; Tüte Aufsammlung nicht vorhanden,
35876,"Buttler,K.P.",B GT 0018119,DB 14019,Lamiales,Lamiaceae,Scutellaria galericulata,,
8841,"Hand,R.",B GT 0021173,DB 13894,Lamiales,Lamiaceae,Scutellaria galericulata,,
KPB 31510,"Buttler,K.P., Gregor,T. & Hand,R.",B GT 0018181,DB 13940,Lamiales,Lamiaceae,Scutellaria hastifolia,,
36738,K. P. Buttler,B GT 0018491,DB 29466,Lamiales,Lamiaceae,Scutellaria minor,,
36732,K. P. Buttler,B GT 0018492,DB 29464,Lamiales,Lamiaceae,Scutellaria minor,,
8633,"Hand,R.",B GT 0018957,DB 13777,Lamiales,Lamiaceae,Stachys alpina,,
PC 248,"Ciongwa,P.",B GT 0021377,DB 14389,Lamiales,Lamiaceae,Stachys alpina,,
NHG-20170928-93,"Höcker,R.",B GT 0021546,DB 14507,Lamiales,Lamiaceae,Stachys annua,,
NM2017/4,N. Meyer,B GT 0021624,DB 29527,Lamiales,Lamiaceae,Stachys annua,,
2017-116,R. Mause,B GT 0021721,DB 30887,Lamiales,Lamiaceae,Stachys annua,,
FJW-2013-0077,"Weicherding,F.-J.",B GT 0018345,DB 14327,Lamiales,Lamiaceae,Stachys arvensis,,
2474,"Appel,O.",B GT 0018016,DB 13464,Lamiales,Lamiaceae,Stachys palustris,,
35807,"Buttler,K.P.",B GT 0018177,DB 13990,Lamiales,Lamiaceae,Stachys palustris,,
KPB 35658,"Buttler,K.P. & Diguet,A.",B GT 0018171,DB 13950,Lamiales,Lamiaceae,Stachys recta,,
8311,"Hand,R.",B GT 0021309,DB 13589,Lamiales,Lamiaceae,Stachys recta,,
AMB-GBOL2-78,"Barniske,A.-M.",B GT 0017684,DB 13363,Lamiales,Lamiaceae,Stachys sylvatica,,
2466,"Appel,O.",B GT 0018035,DB 13458,Lamiales,Lamiaceae,Stachys sylvatica,,
35903,"Buttler,K.P.",B GT 0018125,DB 14026,Lamiales,Lamiaceae,Stachys sylvatica,,
PC 187,"Ciongwa,P.",B GT 0017450,DB 13189,Lamiales,Lamiaceae,Teucrium botrys,,
KPB 36653,"Buttler,K.P. & Börger,U.",B GT 0018628,DB 14174,Lamiales,Lamiaceae,Teucrium botrys,,
36697,K. P. Buttler 36697 & M. Lorek,B GT 0018514,DB 29448,Lamiales,Lamiaceae,Teucrium chamaedrys,,
7844,R. Hand,B GT 0014805,DB 29240,Lamiales,Lamiaceae,Teucrium montanum,,
2539,"Appel,O.",B GT 0018107,DB 13488,Lamiales,Lamiaceae,Teucrium scorodonia,,
8821,"Hand,R.",B GT 0021153,DB 13881,Lamiales,Lamiaceae,Teucrium scorodonia,,
36911,K. P. Buttler,B GT 0024929,DB 14745,Lamiales,Lamiaceae,Teucrium scorodonia,,
36645,K. P. Buttler 36645 & U. Börger,B GT 0018635,DB 14680,Lamiales,Lamiaceae,Thymus praecox,,
WEM072,W. Melenk (GBOL-Bioblitz 2017),B GT 0021925,DB 15681,Lamiales,Lamiaceae,Thymus praecox,,
FJW-2016-0073,"Weicherding,F.-J.",B GT 0017634,DB 13261,Lamiales,Lamiaceae,Thymus pulegioides,,
KPB 36658,"Buttler,K.P. & Diguet,A.",B GT 0018638,DB 14177,Lamiales,Lamiaceae,Thymus pulegioides,,
RH 8764,"Hand,R., Adler,B. & Adler,J.",B GT 0021096,DB 13844,Lamiales,Lamiaceae,Thymus pulegioides,,
20180906,G. Schepers,B GT 0024719,DB 15768,Lamiales,Lentibulariaceae,Pinguicula vulgaris,,
FJW-2016-0067,"Weicherding,F.-J.",B GT 0017692,DB 13255,Lamiales,Lentibulariaceae,Utricularia australis,,
8717,R. Hand 8717 & M. Berghofer,B GT 0021049,DB 29356,Lamiales,Lentibulariaceae,Utricularia minor,,
9173,R. Hand,B GT 0024770,DB 15143,Lamiales,Linderniaceae,Lindernia dubia,,
AMB-GBOL2-56,"Barniske,A.-M.",B GT 0017649,DB 13341,Lamiales,Oleaceae,Fraxinus excelsior,,
8972,R. Hand,B GT 0024843,DB 15112,Lamiales,Oleaceae,Fraxinus pennsylvanica,,
FJW-2016-0052,"Weicherding,F.-J.",B GT 0017245,DB 13241,Lamiales,Oleaceae,Ligustrum vulgare,,
PC 176,"Ciongwa,P.",B GT 0017444,DB 13181,Lamiales,Oleaceae,Ligustrum vulgare,,
AMB-GBOL2-85,"Barniske,A.-M.",B GT 0017953,DB 13370,Lamiales,Oleaceae,Ligustrum vulgare,,
8389,"Hand,R.",B GT 0018712,DB 13631,Lamiales,Oleaceae,Ligustrum vulgare,,
8450,"Hand,R.",B GT 0018774,DB 13665,Lamiales,Oleaceae,Ligustrum vulgare,,
8832,"Hand,R.",B GT 0021164,DB 13887,Lamiales,Oleaceae,Ligustrum vulgare,,
8627,"Hand,R.",B GT 0018951,DB 13772,Lamiales,Orobanchaceae,Bartsia alpina,,
20180904,G. Schepers,B GT 0024612,DB 15333,Lamiales,Orobanchaceae,Bartsia alpina,,
KPB 35798,"Buttler,K.P. & Diguet,A.",B GT 0018141,DB 13985,Lamiales,Orobanchaceae,Euphrasia frigida,,
36707,K. P. Buttler,B GT 0018432,DB 29450,Lamiales,Orobanchaceae,Euphrasia frigida,,
RH 7905,"Hand,R. & Niederbichler,C.",B GT 0014728,DB 12969,Lamiales,Orobanchaceae,Euphrasia minima,,
PC 190,P. Ciongwa,B GT 0017433,DB 14804,Lamiales,Orobanchaceae,Euphrasia nemorosa,,
2585,"Appel,O.",B GT 0018094,DB 13499,Lamiales,Orobanchaceae,Euphrasia officinalis,,
35814,"Buttler,K.P.",B GT 0018113,DB 13996,Lamiales,Orobanchaceae,Euphrasia officinalis,,
7842,R. Hand,B GT 0014807,DB 29238,Lamiales,Orobanchaceae,Euphrasia salisburgensis,,
36719,K. P. Buttler,B GT 0018466,DB 29456,Lamiales,Orobanchaceae,Euphrasia stricta,,
8803,R. Hand,B GT 0021135,DB 29391,Lamiales,Orobanchaceae,Euphrasia stricta,,
8861,R. Hand,B GT 0021193,DB 29403,Lamiales,Orobanchaceae,Euphrasia stricta,,
8873,"R. Hand 8873, M. Dotzer-Schmidt & H. Seitz",B GT 0021205,DB 29407,Lamiales,Orobanchaceae,Euphrasia stricta,,
2017-121,R. Mause,B GT 0021716,DB 30892,Lamiales,Orobanchaceae,Euphrasia stricta,,
7086,E. von Raab-Straube,B GT 0024667,DB 35165,Lamiales,Orobanchaceae,Lathraea  squamaria,,
PC 212,"Ciongwa,P.",B GT 0021412,DB 14357,Lamiales,Orobanchaceae,Lathraea squamaria,,
2606,O. Appel,B GT 0021978,DB 30961,Lamiales,Orobanchaceae,Lathraea squamaria,,
8432,"Hand,R.",B GT 0018756,DB 13658,Lamiales,Orobanchaceae,Melampyrum  cristatum,,
KPB 35657,"Buttler,K.P. & Diguet,A.",B GT 0018154,DB 13949,Lamiales,Orobanchaceae,Melampyrum arvense,,
8388,"Hand,R.",B GT 0018711,DB 13630,Lamiales,Orobanchaceae,Melampyrum cristatum,,
NM2017/11,N. Meyer,B GT 0021601,DB 29534,Lamiales,Orobanchaceae,Melampyrum cristatum,,
20170531-50,"Höcker,R.",G BT 0021463,DB 14294,Lamiales,Orobanchaceae,Melampyrum cristatum,,
PC 182,"Ciongwa,P.",B GT 0017464,DB 13186,Lamiales,Orobanchaceae,Melampyrum nemorosum,,
8366,"Hand,R.",B GT 0018689,DB 13620,Lamiales,Orobanchaceae,Melampyrum nemorosum,,
NHG-20170820-79,"Höcker,R.",B GT 0021532,DB 14499,Lamiales,Orobanchaceae,Melampyrum nemorosum,,
7708,R. Hand,B GT 0014939,DB 15447,Lamiales,Orobanchaceae,Melampyrum pratense,,
MS-SH-14,"Schön,M.",B GT 0017279,DB 13285,Lamiales,Orobanchaceae,Melampyrum pratense,,
NHG 20160828-03,"Höcker,R.",B GT 0017383,DB 13290,Lamiales,Orobanchaceae,Melampyrum pratense,,
2578,O. Appel,B GT 0018068,DB 14634,Lamiales,Orobanchaceae,Melampyrum pratense,,
2014-10,"Mause,R.",B GT 0018259,DB 14247,Lamiales,Orobanchaceae,Melampyrum pratense,,
2017-104,R. Mause,B GT 0021704,DB 30876,Lamiales,Orobanchaceae,Melampyrum pratense,,
2017-88,R. Mause,B GT 0021752,DB 30863,Lamiales,Orobanchaceae,Melampyrum pratense,,
RH 8781,"Hand,R. & Höcker,R.",B GT 0021113,DB 13856,Lamiales,Orobanchaceae,Melampyrum sylvaticum,,
NM2017/8,N. Meyer,B GT 0021613,DB 29531,Lamiales,Orobanchaceae,Odontites luteus,,
PC 272,P. Ciongwa,B GT 0021353,DB 29512,Lamiales,Orobanchaceae,Odontites vernus,,
NHG 20160828-05,"Höcker,R.",B GT 0017377,DB 13292,Lamiales,Orobanchaceae,Odontites vulgaris,,
FJW-2017-0027,F.-J. Weicherding,B GT 0021669,DB 30769,Lamiales,Orobanchaceae,Odontites vulgaris,,
2017-135,R. Mause,B GT 0021734,DB 15198,Lamiales,Orobanchaceae,Odontites vulgaris,,
8463,R. Hand,B GT 0018787,DB 14837,Lamiales,Orobanchaceae,Orobanche alsatica,,
,R. Hand & GEFD-Exkursion,B GT 0024663,DB 15079,Lamiales,Orobanchaceae,Orobanche alsatica,,
,R. Hand & GEFD-Exkursion,B GT 0024662,DB 15080,Lamiales,Orobanchaceae,Orobanche amethystea,,
20180923,G. Schepers,B GT 0024718,DB 15351,Lamiales,Orobanchaceae,Orobanche amethystea,,
20180921,G. Schepers,B GT 0024539,DB 15349,Lamiales,Orobanchaceae,Orobanche arenaria,,
8946,R. Hand,B GT 0024810,DB 14947,Lamiales,Orobanchaceae,Orobanche caryophyllacea,,
2018-9,R. Mause,B GT 0024292,DB 15788,Lamiales,Orobanchaceae,Orobanche elatior,,
9069,R. Hand,B GT 0024865,DB 15118,Lamiales,Orobanchaceae,Orobanche flava,,
20180938,G. Schepers,B GT 0024714,DB 15361,Lamiales,Orobanchaceae,Orobanche gracilis,,
20180909,G. Schepers,B GT 0024715,DB 15337,Lamiales,Orobanchaceae,Orobanche hederae,,
8451,R. Hand,B GT 0018775,DB 15234,Lamiales,Orobanchaceae,Orobanche lutea,,
8962,R. Hand,B GT 0024833,DB 15109,Lamiales,Orobanchaceae,Orobanche lutea,,
8452,R. Hand 8452 & F. G. Dunkel,B GT 0018776,DB 29311,Lamiales,Orobanchaceae,Orobanche purpurea,,
,H. Uhlich,B GT 0024124,DB 15810,Lamiales,Orobanchaceae,Orobanche rapum-genistae,,
RH 8489,"Hand,R. & Rätzel,S.",B GT 0018813,DB 13688,Lamiales,Orobanchaceae,Orobanche reticulata,,
PC 266,P. Ciongwa,B GT 0021359,DB 29510,Lamiales,Orobanchaceae,Orobanche reticulata,,
2018-7,R. Mause,B GT 0024294,DB 15786,Lamiales,Orobanchaceae,Orobanche teucrii,,
9130,R. Hand,B GT 0024893,DB 15069,Lamiales,Orobanchaceae,Pecicularis recutita,,
CN_20170814_1,C. Niederbichler,B GT 0021890,DB 30954,Lamiales,Orobanchaceae,Pedicularis foliosa,,
RH 7824,"Hand,R. & Niederbichler,C.",B GT 0014825,DB 12904,Lamiales,Orobanchaceae,Pedicularis palustris,,
9116,R. Hand,B GT 0024991,DB 15089,Lamiales,Orobanchaceae,Pedicularis recutita,,
25MB,M. Berghofer,B GT 0024251,DB 15653,Lamiales,Orobanchaceae,Pedicularis sceptrum-carolinum,,
2016-15,"Mause,R.",B GT 0017405,DB 13514,Lamiales,Orobanchaceae,Pedicularis sylvatica,,
2017-69,R. Mause,B GT 0021781,DB 30848,Lamiales,Orobanchaceae,Pedicularis sylvatica,,
36843,K. P. Buttler,B GT 0024998,DB 14796,Lamiales,Orobanchaceae,Pedicularis sylvatica,,
8637,R. Hand,B GT 0018961,DB 29341,Lamiales,Orobanchaceae,Pedicularis verticillata,,
FJW-2016-0042,"Weicherding,F.-J.",B GT 0017244,DB 13232,Lamiales,Orobanchaceae,Rhinanthus alectorolophus,,
36449,K. P. Buttler,B GT 0018368,DB 29418,Lamiales,Orobanchaceae,Rhinanthus alectorolophus,,
2016-40,"Mause,R.",B GT 0017475,DB 13538,Lamiales,Orobanchaceae,Rhinanthus minor,,
36564,"Buttler,K.P.",B GT 0017722,DB 14141,Lamiales,Orobanchaceae,Rhinanthus minor,,
2013-32,"Mause,R.",B GT 0018270,DB 14232,Lamiales,Orobanchaceae,Rhinanthus minor,,
2013-44,"Mause,R.",B GT 0018272,DB 14233,Lamiales,Orobanchaceae,Rhinanthus minor,,
PC 306,"Ciongwa,P.",B GT 0021450,DB 14426,Lamiales,Phrymaceae,Mimulus guttatus,,
8540,"Hand,R.",B GT 0018864,DB 13722,Lamiales,Plantaginaceae,Anarrhinum  bellidifolium,,
8589,"Hand,R.",B GT 0018913,DB 13752,Lamiales,Plantaginaceae,Antirrhinum majus,,
8735,"Hand,R.",B GT 0021067,DB 13832,Lamiales,Plantaginaceae,Antirrhinum majus,,
AMB-GBOL2-129,A.-M. Barniske,B GT 0021876,DB 30943,Lamiales,Plantaginaceae,Antirrhinum majus,,
8474,R. Hand,B GT 0018798,DB 14839,Lamiales,Plantaginaceae,Callitriche hamulata,,
8883,"R. Hand 8883, M. Dotzer-Schmidt & H. Seitz",B GT 0021215,DB 15494,Lamiales,Plantaginaceae,Callitriche hamulata,,
,E. Zippel,B GT 0024510,DB 15224,Lamiales,Plantaginaceae,Callitriche hamulata,,
7225,R. Hand 7225 & GEFD-Exkursion,B GT 0005593,DB 14571,Lamiales,Plantaginaceae,Callitriche palustris,,
8556,R. Hand,B GT 0018880,DB 15472,Lamiales,Plantaginaceae,Callitriche palustris,,
8848,R. Hand,B GT 0021180,DB 15488,Lamiales,Plantaginaceae,Callitriche palustris,,
2018-12,R. Mause,B GT 0024289,DB 15791,Lamiales,Plantaginaceae,Callitriche palustris,,
2018-13,R. Mause,B GT 0024288,DB 15792,Lamiales,Plantaginaceae,Callitriche platycarpa,,
36705,K. P. Buttler,B GT 0018434,DB 14926,Lamiales,Plantaginaceae,Callitriche stagnalis,,
8520,"Hand,R.",B GT 0018844,DB 13708,Lamiales,Plantaginaceae,Chaenorhinum minus,,
8730,"Hand,R.",B GT 0021062,DB 13828,Lamiales,Plantaginaceae,Chaenorhinum minus,,
PC 235,"Ciongwa,P.",B GT 0021390,DB 14376,Lamiales,Plantaginaceae,Chaenorhinum minus,,
PC 147,"Ciongwa,P.",B GT 0017526,DB 13163,Lamiales,Plantaginaceae,Cymbalaria muralis,,
AMB-GBOL2-65,"Barniske,A.-M.",B GT 0017672,DB 13350,Lamiales,Plantaginaceae,Cymbalaria muralis,,
FJW-2016-0026,"Weicherding,F.-J.",B GT 0017873,DB 13216,Lamiales,Plantaginaceae,Cymbalaria muralis,,
2471,"Appel,O.",B GT 0018021,DB 13462,Lamiales,Plantaginaceae,Cymbalaria muralis,,
KPB 36657,"Buttler,K.P., Börger,U. & Kubosch,R.",B GT 0018643,DB 14176,Lamiales,Plantaginaceae,Digitalis grandiflora,,
8436,"Hand,R.",B GT 0018760,DB 13661,Lamiales,Plantaginaceae,Digitalis grandiflora,,
20180916,G. Schepers,B GT 0024610,DB 15344,Lamiales,Plantaginaceae,Digitalis lutea,,
7718,"Hand,R.",B GT 0014949,DB 12804,Lamiales,Plantaginaceae,Globularia bisnagarica,,
2016-37,"Mause,R.",B GT 0017478,DB 13536,Lamiales,Plantaginaceae,Globularia bisnagarica,,
KPB 36699,"Buttler,K.P. & Lorek,M.",B GT 0018503,DB 14196,Lamiales,Plantaginaceae,Globularia bisnagarica,,
7845,R. Hand,B GT 0014804,DB 29241,Lamiales,Plantaginaceae,Globularia cordifolia,,
8644,"Hand,R.",B GT 0018967,DB 13781,Lamiales,Plantaginaceae,Globularia cordifolia,,
7MB,"Berghofer,M.",B GT 0021331,DB 14315,Lamiales,Plantaginaceae,Globularia nudicaulis,,
,,B GT 0024744,DB 14997,Lamiales,Plantaginaceae,Gratiola officinalis,,
8671,"Hand,R.",B GT 0021002,DB 13798,Lamiales,Plantaginaceae,Hippuris vulgaris,,
4MB,M. Berghofer,B GT 0021328,DB 29484,Lamiales,Plantaginaceae,Hippuris vulgaris,,
PC 255,"Ciongwa,P.",B GT 0021370,DB 14394,Lamiales,Plantaginaceae,Hippuris vulgaris,,
20180948,G. Schepers,B GT 0024706,DB 15370,Lamiales,Plantaginaceae,Hippuris vulgaris,,
FJW-2016-0089,F.-J. Weicherding,B GT 0021631,DB 30739,Lamiales,Plantaginaceae,Kickxia elatine,,
2017-123,R. Mause,B GT 0021746,DB 15193,Lamiales,Plantaginaceae,Kickxia elatine,,
20182410,G. Schepers,B GT 0024630,DB 15381,Lamiales,Plantaginaceae,Kickxia elatine,,
FJW-2016-0085,F.-J. Weicherding,B GT 0021605,DB 30736,Lamiales,Plantaginaceae,Kickxia spuria,,
NM2017/5,N. Meyer,B GT 0021625,DB 29528,Lamiales,Plantaginaceae,Kickxia spuria,,
7840,R. Hand,B GT 0014809,DB 29236,Lamiales,Plantaginaceae,Linaria alpina,,
8701,"Hand,R.",B GT 0021033,DB 13814,Lamiales,Plantaginaceae,Linaria alpina,,
RH 8594,"Hand,R. & Seitz,H.",B GT 0018918,DB 13756,Lamiales,Plantaginaceae,Linaria arvensis,,
35595,"Buttler,K.P.",B GT 0018140,DB 27002,Lamiales,Plantaginaceae,Linaria dalmatica,Gewebe fehlt; Tüte Aufsammlung nicht vorhanden,
NHG PR 04,P. Reger,B GT 0017290,DB 14574,Lamiales,Plantaginaceae,Linaria genistifolia,,
8786,R. Hand,B GT 0021118,DB 29383,Lamiales,Plantaginaceae,Linaria repens,,
PC 309,"Ciongwa,P.",B GT 0021453,DB 14428,Lamiales,Plantaginaceae,Linaria repens,,
NHG-PR 09,"Reger,P.",B GT 0021556,DB 14515,Lamiales,Plantaginaceae,Linaria repens,,
FJW-2017-0019,F.-J. Weicherding,B GT 0021688,DB 30761,Lamiales,Plantaginaceae,Linaria repens,,
2461,"Appel,O.",B GT 0018050,DB 13455,Lamiales,Plantaginaceae,Linaria vulgaris,,
2570,"Appel,O.",B GT 0018076,DB 13493,Lamiales,Plantaginaceae,Linaria vulgaris,,
8818,"Hand,R.",B GT 0021150,DB 13878,Lamiales,Plantaginaceae,Linaria vulgaris,,
AMB-GBOL2-126,A.-M. Barniske,B GT 0021879,DB 30940,Lamiales,Plantaginaceae,Linaria vulgaris,,
WEM096,W. Melenk (GBOL-Bioblitz 2017),B GT 0021908,DB 31002,Lamiales,Plantaginaceae,Linaria vulgaris,,
PC 53,"Ciongwa,P.",B GT 0017386,DB 13132,Lamiales,Plantaginaceae,Littorella uniflora,,
12MB,"Berghofer,M.",B GT 0021336,DB 14216,Lamiales,Plantaginaceae,Littorella uniflora,,
FJW-2016-0062,"Weicherding,F.-J.",B GT 0017697,DB 13250,Lamiales,Plantaginaceae,Misopates orontium,,
RH 8595,"Hand,R. & Seitz,H.",B GT 0018919,DB 13757,Lamiales,Plantaginaceae,Misopates orontium,,
9118,R. Hand,B GT 0024995,DB 15066,Lamiales,Plantaginaceae,Plantago alpina,,
FJW-2016-0074,"Weicherding,F.-J.",B GT 0017633,DB 13262,Lamiales,Plantaginaceae,Plantago coronopus,,
2424,"Appel,O.",B GT 0017944,DB 13432,Lamiales,Plantaginaceae,Plantago lanceolata,,
AMB-GBOL2-88,"Barniske,A.-M.",B GT 0017950,DB 13373,Lamiales,Plantaginaceae,Plantago lanceolata,,
MS-TH-22,M. Schön,B GT 0021580,DB 29489,Lamiales,Plantaginaceae,Plantago lanceolata,,
WEM091,W. Melenk (GBOL-Bioblitz 2017),B GT 0021919,DB 15678,Lamiales,Plantaginaceae,Plantago lanceolata,,
RH 8074,"Hand,R. & GEFD-Exkursion",B GT 0017912,DB 13122,Lamiales,Plantaginaceae,Plantago major,,
2522,O. Appel,B GT 0018038,DB 14628,Lamiales,Plantaginaceae,Plantago major,,
2567,"Appel,O.",B GT 0018073,DB 13492,Lamiales,Plantaginaceae,Plantago major,,
8070,"Hand,R.",B GT 0017856,DB 13120,Lamiales,Plantaginaceae,Plantago maritima,,
KPB 36753,"Buttler,K.P. & Gottschalk,S.",B GT 0018421,DB 14204,Lamiales,Plantaginaceae,Plantago maritima,,
36500,"Buttler,K.P.",B GT 0018551,DB 14118,Lamiales,Plantaginaceae,Plantago maritima,,
2016-31,"Mause,R.",B GT 0017484,DB 13530,Lamiales,Plantaginaceae,Plantago media,,
PC 156,"Ciongwa,P.",B GT 0017524,DB 13170,Lamiales,Plantaginaceae,Plantago media,,
FJW-2016-0039,"Weicherding,F.-J.",B GT 0017860,DB 13229,Lamiales,Plantaginaceae,Plantago media,,
36448,K. P. Buttler,B GT 0018370,DB 29417,Lamiales,Plantaginaceae,Plantago media,,
WEM092,W. Melenk (GBOL-Bioblitz 2017),B GT 0021928,DB 15679,Lamiales,Plantaginaceae,Plantago media,,
RH 8665,"Hand,R. & Niederbichler,C.",B GT 0018988,DB 13793,Lamiales,Plantaginaceae,Plantago strictissima,,
,M. Jäger,B GT 0024337,DB 15669,Lamiales,Plantaginaceae,Veronica acinifolia,,
,A. König,B GT 0024366,DB 15632,Lamiales,Plantaginaceae,Veronica acinifolia,,
MJ 18-18,M. Jäger,B GT 0024394,DB 15670,Lamiales,Plantaginaceae,Veronica acinifolia,,
GBOL-008,G. Himpel GBOL-008 & U. Amarell,B GT 0024525,DB 15557,Lamiales,Plantaginaceae,Veronica acinifolia,,
FJW-2016-0083,"Weicherding,F.-J.",B GT 0017929,DB 13270,Lamiales,Plantaginaceae,Veronica agrestis,,
8741,R. Hand 8741 & M. Berghofer,B GT 0021073,DB 15245,Lamiales,Plantaginaceae,Veronica anagallis-aquatica,,
8810,R. Hand,B GT 0021142,DB 15483,Lamiales,Plantaginaceae,Veronica anagallis-aquatica,,
8702,"Hand,R.",B GT 0021034,DB 13815,Lamiales,Plantaginaceae,Veronica aphylla,,
2391,"Appel,O.",B GT 0017209,DB 13414,Lamiales,Plantaginaceae,Veronica arvensis,,
2016-20,"Mause,R.",B GT 0017400,DB 13519,Lamiales,Plantaginaceae,Veronica arvensis,,
2016-12,"Mause,R.",B GT 0017706,DB 13511,Lamiales,Plantaginaceae,Veronica arvensis,,
FJW-2016-0019,"Weicherding,F.-J.",B GT 0017880,DB 13209,Lamiales,Plantaginaceae,Veronica arvensis,,
KPB 36345,"Buttler,K.P. & Hemm,K.",B GT 0018616,DB 14065,Lamiales,Plantaginaceae,Veronica arvensis,,
2017-54,R. Mause,B GT 0021785,DB 30836,Lamiales,Plantaginaceae,Veronica arvensis,,
2017-50,R. Mause,B GT 0021792,DB 15180,Lamiales,Plantaginaceae,Veronica arvensis,,
,D. Frank,B GT 0024122,DB 15673,Lamiales,Plantaginaceae,Veronica austriaca,,
,,B GT 0024720,DB 15028,Lamiales,Plantaginaceae,Veronica austriaca,,
,,B GT 0024789,DB 15032,Lamiales,Plantaginaceae,Veronica austriaca,,
,,B GT 0024790,DB 15031,Lamiales,Plantaginaceae,Veronica austriaca,,
2496,O. Appel,B GT 0017266,DB 14621,Lamiales,Plantaginaceae,Veronica beccabunga,,
36666,"Buttler,K.P.",B GT 0018468,DB 14185,Lamiales,Plantaginaceae,Veronica beccabunga,,
2473,O. Appel,B GT 0018081,DB 14615,Lamiales,Plantaginaceae,Veronica catenata,,
2390,"Appel,O.",B GT 0017210,DB 13413,Lamiales,Plantaginaceae,Veronica chamaedrys,,
2412,"Appel,O.",B GT 0018029,DB 13424,Lamiales,Plantaginaceae,Veronica chamaedrys,,
8626,R. Hand,B GT 0018950,DB 14856,Lamiales,Plantaginaceae,Veronica chamaedrys,,
9092,R. Hand,B GT 0021965,DB 15122,Lamiales,Plantaginaceae,Veronica chamaedrys,,
36838,K. P. Buttler,B GT 0024915,DB 14795,Lamiales,Plantaginaceae,Veronica chamaedrys,,
,C. Ritz,B GT 0024259,DB 15657,Lamiales,Plantaginaceae,Veronica dillenii,,
PC 126,"Ciongwa,P.",B GT 0017423,DB 14547,Lamiales,Plantaginaceae,Veronica filiformis,,
FJW-2016-0023,"Weicherding,F.-J.",B GT 0017876,DB 13213,Lamiales,Plantaginaceae,Veronica filiformis,,
2680,O. Appel,B GT 0024140,DB 15836,Lamiales,Plantaginaceae,Veronica filiformis,,
2341,O. Appel,B GT 0017774,DB 14589,Lamiales,Plantaginaceae,Veronica hederifolia,,
36188,"Buttler,K.P.",B GT 0018394,DB 14049,Lamiales,Plantaginaceae,Veronica hederifolia,,
PC 206,P. Ciongwa,B GT 0021418,DB 29504,Lamiales,Plantaginaceae,Veronica hederifolia,,
2017-10,R. Mause,B GT 0021831,DB 15164,Lamiales,Plantaginaceae,Veronica hederifolia,,
RH 8771,"Hand,R., Adler,B. & Adler,J.",B GT 0021103,DB 13849,Lamiales,Plantaginaceae,Veronica maritima,,
PC 166,"Ciongwa,P.",B GT 0017466,DB 13175,Lamiales,Plantaginaceae,Veronica montana,Gewebe fehlt; Tüte Aufsammlung nicht vorhanden,
KPB 35738,"Buttler,K.P. & Diguet,A.",B GT 0018186,DB 13972,Lamiales,Plantaginaceae,Veronica montana,,
2017-15,R. Mause,B GT 0021836,DB 30813,Lamiales,Plantaginaceae,Veronica montana,,
36534,K. P. Buttler,B GT 0017757,DB 29426,Lamiales,Plantaginaceae,Veronica officinalis,,
FJW-2013-0086,"Weicherding,F.-J.",B GT 0018343,DB 14329,Lamiales,Plantaginaceae,Veronica officinalis,,
MS-TH-23,M. Schön,B GT 0021575,DB 29490,Lamiales,Plantaginaceae,Veronica officinalis,,
2665,O. Appel,B GT 0021985,DB 30979,Lamiales,Plantaginaceae,Veronica officinalis,,
,,B GT 0024788,DB 15027,Lamiales,Plantaginaceae,Veronica orsiniana,,
FJW-2016-0036,"Weicherding,F.-J.",B GT 0017863,DB 13226,Lamiales,Plantaginaceae,Veronica peregrina,,
2350,"Appel,O.",B GT 0017219,DB 13387,Lamiales,Plantaginaceae,Veronica persica,,
PC 207,"Ciongwa,P.",B GT 0021417,DB 14353,Lamiales,Plantaginaceae,Veronica persica,,
2017-3,R. Mause,B GT 0021824,DB 30806,Lamiales,Plantaginaceae,Veronica persica,,
PC 119,P. Ciongwa,B GT 0017416,DB 14578,Lamiales,Plantaginaceae,Veronica polita,,
8123,R. Hand,B GT 0021243,DB 29253,Lamiales,Plantaginaceae,Veronica polita,,
,,B GT 0024787,DB 15029,Lamiales,Plantaginaceae,Veronica prostrata,,
RH 8762,"Hand,R., Adler,B. & Adler,J.",B GT 0021094,DB 13843,Lamiales,Plantaginaceae,Veronica satureiifolia,,
NHG 20160917,"Troeder,W.",B GT 0017286,DB 13301,Lamiales,Plantaginaceae,Veronica scutellata,,
PC 197,"Ciongwa,P.",B GT 0017440,DB 13193,Lamiales,Plantaginaceae,Veronica scutellata,,
2418,"Appel,O.",B GT 0017231,DB 13427,Lamiales,Plantaginaceae,Veronica serpyllifolia,,
2392,"Appel,O.",B GT 0017248,DB 13415,Lamiales,Plantaginaceae,Veronica serpyllifolia,,
36425,K. P. Buttler,B GT 0018624,DB 29412,Lamiales,Plantaginaceae,Veronica serpyllifolia,,
WEM078,W. Melenk (GBOL-Bioblitz 2017),B GT 0021918,DB 15685,Lamiales,Plantaginaceae,Veronica spicata,,
2333,"Appel,O.",B GT 0017255,DB 13379,Lamiales,Plantaginaceae,Veronica sublobata,,
PC 127,P. Ciongwa,B GT 0017424,DB 14936,Lamiales,Plantaginaceae,Veronica sublobata,,
36178,"Buttler,K.P.",B GT 0018404,DB 14043,Lamiales,Plantaginaceae,Veronica sublobata,,
PC 154,"Ciongwa,P.",B GT 0017522,DB 13169,Lamiales,Plantaginaceae,Veronica teucrium,,
35644,"Buttler,K.P.",B GT 0018172,DB 13946,Lamiales,Plantaginaceae,Veronica teucrium,,
,,B GT 0024786,DB 15030,Lamiales,Plantaginaceae,Veronica teucrium,,
GBOL3,L. Meierott,B GT 0024493,DB 15779,Lamiales,Plantaginaceae,Veronica triloba,,
GBOL-010,G. Himpel,B GT 0024527,DB 15559,Lamiales,Plantaginaceae,Veronica triloba,,
36187,"Buttler,K.P.",B GT 0018395,DB 14048,Lamiales,Plantaginaceae,Veronica triphyllos,,
2017-7,R. Mause,B GT 0021828,DB 30809,Lamiales,Plantaginaceae,Veronica triphyllos,,
,C. Ritz,B GT 0024258,DB 15656,Lamiales,Plantaginaceae,Veronica triphyllos,,
NHG-PR 06,P. Reger,B GT 0021553,DB 29500,Lamiales,Plantaginaceae,Veronica verna,,
9059,R. Hand,B GT 0024853,DB 15116,Lamiales,Plantaginaceae,Veronica vindobonensis,,
FJW-2016-0076,"Weicherding,F.-J.",B GT 0017631,DB 13264,Lamiales,Scrophulariaceae,Buddleja davidii,,
36724,K. P. Buttler,B GT 0018507,DB 29460,Lamiales,Scrophulariaceae,Buddleja davidii,,
8733,"Hand,R.",B GT 0021065,DB 13830,Lamiales,Scrophulariaceae,Buddleja davidii,,
8795,"Hand,R.",B GT 0021127,DB 13863,Lamiales,Scrophulariaceae,Scrophularia canina,,
20180243,G. Schepers,B GT 0024590,DB 15322,Lamiales,Scrophulariaceae,Scrophularia canina,,
MS-SH-8,"Schön,M.",B GT 0017273,DB 13279,Lamiales,Scrophulariaceae,Scrophularia nodosa,,
2445,"Appel,O.",B GT 0017499,DB 13443,Lamiales,Scrophulariaceae,Scrophularia nodosa,,
AMB-GBOL2-80,"Barniske,A.-M.",B GT 0017682,DB 13365,Lamiales,Scrophulariaceae,Scrophularia nodosa,,
36457,"Buttler,K.P.",B GT 0018388,DB 14099,Lamiales,Scrophulariaceae,Scrophularia nodosa,,
36680,K. P. Buttler,B GT 0018460,DB 14692,Lamiales,Scrophulariaceae,Scrophularia umbrosa,,
,C. Niederbichler,B GT 0018523,DB 15528,Lamiales,Scrophulariaceae,Scrophularia umbrosa,,
8564,R. Hand,B GT 0018888,DB 29332,Lamiales,Scrophulariaceae,Scrophularia umbrosa,,
8597,R. Hand 8597 & H. Seitz,B GT 0018921,DB 14844,Lamiales,Scrophulariaceae,Scrophularia umbrosa,,
8751,"R. Hand 8751, M. Berghofer & C. Niederbichler",B GT 0021083,DB 29370,Lamiales,Scrophulariaceae,Scrophularia umbrosa,,
8932,R. Hand,B GT 0024830,DB 14940,Lamiales,Scrophulariaceae,Scrophularia vernalis,,
8528,"Hand,R.",B GT 0018852,DB 13712,Lamiales,Scrophulariaceae,Verbascum blattaria,,
NM2017/17,N. Meyer,B GT 0021611,DB 29540,Lamiales,Scrophulariaceae,Verbascum blattaria,,
2475,"Appel,O.",B GT 0018087,DB 13465,Lamiales,Scrophulariaceae,Verbascum nigrum,,
36766,"Buttler,K.P.",B GT 0018512,DB 14209,Lamiales,Scrophulariaceae,Verbascum nigrum,,
36637,K. P. Buttler,B GT 0017802,DB 14709,Lamiales,Scrophulariaceae,Verbascum phlomoides,,
36540,K. P. Buttler,B GT 0017761,DB 29468,Lamiales,Scrophulariaceae,Verbascum pulverulentum,,
8575,"Hand,R.",B GT 0018899,DB 13744,Lamiales,Scrophulariaceae,Verbascum pulverulentum,,
36725,"Buttler,K.P.",B GT 0018433,DB 14201,Lamiales,Scrophulariaceae,Verbascum thapsus,,
WEM108,W. Melenk (GBOL-Bioblitz 2017),B GT 0021929,DB 31010,Lamiales,Scrophulariaceae,Verbascum thapsus,,
35899,"Buttler,K.P.",B GT 0018207,DB 14024,Lamiales,Verbenaceae,Verbena officinalis,,
8734,"Hand,R.",B GT 0021066,DB 13831,Lamiales,Verbenaceae,Verbena officinalis,,
FJW-2016-0003,"Weicherding,F.-J.",B GT 0017925,DB 13195,Brassicales,Brassiaceae,Capsella bursa-pastoris,,
MS-SH-1,"Schön,M.",B GT 0017299,DB 13272,Brassicales,Brassicaceae,Alliaria petiolata,,
AMB-GBOL2-49,"Barniske,A.-M.",B GT 0017642,DB 13334,Brassicales,Brassicaceae,Alliaria petiolata,,
2396,"Appel,O.",B GT 0017800,DB 13417,Brassicales,Brassicaceae,Alliaria petiolata,,
36420,"Buttler,K.P.",B GT 0018584,DB 14086,Brassicales,Brassicaceae,Alliaria petiolata,,
8281,"Hand,R.",B GT 0021279,DB 13573,Brassicales,Brassicaceae,Alyssum alyssoides,,
8315,R. Hand,B GT 0021313,DB 15470,Brassicales,Brassicaceae,Alyssum montanum,,
GBOL1,L. Meierott,B GT 0024490,DB 15777,Brassicales,Brassicaceae,Alyssum montanum,,
9060,R. Hand,B GT 0024857,DB 15210,Brassicales,Brassicaceae,Alyssum montanum,,
2393,O. Appel,B GT 0017218,DB 14600,Brassicales,Brassicaceae,Arabidopsis arenosa,,
2410,O. Appel,B GT 0017227,DB 14604,Brassicales,Brassicaceae,Arabidopsis arenosa,,
PC 91,P. Ciongwa,B GT 0017388,DB 14801,Brassicales,Brassicaceae,Arabidopsis arenosa,,
8587,"Hand,R.",B GT 0018911,DB 13751,Brassicales,Brassicaceae,Arabidopsis arenosa,,
8656,R. Hand,B GT 0018979,DB 14870,Brassicales,Brassicaceae,Arabidopsis arenosa,,
FJW-2016-0024,"Weicherding,F.-J.",B GT 0017875,DB 13214,Brassicales,Brassicaceae,Arabidopsis halleri,,
RH 8776,"Hand,R. & Höcker,R.",B GT 0021108,DB 13853,Brassicales,Brassicaceae,Arabidopsis lyrata,,
2367,"Appel,O.",B GT 0017202,DB 13399,Brassicales,Brassicaceae,Arabidopsis thaliana,,
PC 130,"Ciongwa,P.",B GT 0017427,DB 13147,Brassicales,Brassicaceae,Arabidopsis thaliana,,
2363,"Appel,O.",B GT 0018005,DB 13396,Brassicales,Brassicaceae,Arabidopsis thaliana,,
KPB 36344,"Buttler,K.P. & Hemm,K.",B GT 0018620,DB 14064,Brassicales,Brassicaceae,Arabidopsis thaliana,,
7891,R. Hand 7891 & C. Niederbichler,B GT 0014737,DB 15451,Brassicales,Brassicaceae,Arabis alpina,,
7087,E. von Raab-Straube,B GT 0024666,DB 35166,Brassicales,Brassicaceae,Arabis alpina,,
8950,R. Hand,B GT 0024818,DB 15106,Brassicales,Brassicaceae,Arabis caucasica,,
9077,R. Hand 9077 & M. Berghofer,B GT 0024874,DB 15052,Brassicales,Brassicaceae,Arabis ciliata,,
9164,R. Hand,B GT 0024978,DB 15077,Brassicales,Brassicaceae,Arabis collina,,
20170422-30,"Höcker,R.",G BT 0021517,DB 14275,Brassicales,Brassicaceae,Arabis collina,,
RH 8772,"Hand,R., Adler,B. & Adler,J.",B GT 0021104,DB 13850,Brassicales,Brassicaceae,Arabis nemorensis,,
8445,R. Hand,B GT 0018769,DB 29309,Brassicales,Brassicaceae,Arabis sagittata,,
8797,R. Hand,B GT 0021129,DB 29389,Brassicales,Brassicaceae,Arabis sagittata,,
8867,R. Hand,B GT 0021199,DB 29404,Brassicales,Brassicaceae,Arabis sagittata,,
,,B GT 0024652,DB 14981,Brassicales,Brassicaceae,Arabis sagittata,,
8606,R. Hand,B GT 0018930,DB 14846,Brassicales,Brassicaceae,Arabis stellulata,,
8621,R. Hand,B GT 0018945,DB 14853,Brassicales,Brassicaceae,Arabis stellulata,,
8679,"Hand,R.",B GT 0021011,DB 13801,Brassicales,Brassicaceae,Arabis stellulata,,
AMB-GBOL2-71,"Barniske,A.-M.",B GT 0017691,DB 13356,Brassicales,Brassicaceae,Armoracia rusticana,,
8784,"Hand,R.",B GT 0021116,DB 13859,Brassicales,Brassicaceae,Aurinia saxatilis,,
36575,"Buttler,K.P.",B GT 0017737,DB 14145,Brassicales,Brassicaceae,Barbarea arcuata,,
8289,R. Hand,B GT 0021287,DB 15465,Brassicales,Brassicaceae,Barbarea arcuata,,
20170525-45,"Höcker,R.",G BT 0021458,DB 14289,Brassicales,Brassicaceae,Barbarea arcuata,,
FJW-2016-0013,"Weicherding,F.-J.",B GT 0017903,DB 13203,Brassicales,Brassicaceae,Barbarea intermedia,,
2468,"Appel,O.",B GT 0018089,DB 13459,Brassicales,Brassicaceae,Barbarea stricta,,
36433,K. P. Buttler,B GT 0018378,DB 29413,Brassicales,Brassicaceae,Barbarea stricta,,
2016-21,"Mause,R.",B GT 0017705,DB 13520,Brassicales,Brassicaceae,Barbarea vulgaris,,
FJW-2016-0028,"Weicherding,F.-J.",B GT 0017871,DB 13218,Brassicales,Brassicaceae,Barbarea vulgaris,,
2600,O. Appel,B GT 0018030,DB 14641,Brassicales,Brassicaceae,Barbarea vulgaris,,
36815,K. P. Buttler,B GT 0024950,DB 14750,Brassicales,Brassicaceae,Barbarea vulgaris,,
PC 193,"Ciongwa,P.",B GT 0017436,DB 13192,Brassicales,Brassicaceae,Berteroa incana,,
2458,"Appel,O.",B GT 0018053,DB 13452,Brassicales,Brassicaceae,Berteroa incana,,
8787,"Hand,R.",B GT 0021119,DB 13860,Brassicales,Brassicaceae,Berteroa incana,,
36910,K. P. Buttler,B GT 0024934,DB 14781,Brassicales,Brassicaceae,Berteroa incana,,
20170716-67,"Höcker,R.",G BT 0021480,DB 14303,Brassicales,Brassicaceae,Berteroa incana,,
7841,R. Hand,B GT 0014808,DB 29237,Brassicales,Brassicaceae,Biscutella laevigata,,
8328,R. Hand 8328 & GEFD-Exkursion,B GT 0018651,DB 29274,Brassicales,Brassicaceae,Biscutella laevigata,,
8356,R. Hand 8356 & GEFD-Exkursion,B GT 0018679,DB 29284,Brassicales,Brassicaceae,Biscutella laevigata,,
8638,R. Hand,B GT 0018962,DB 14860,Brassicales,Brassicaceae,Biscutella laevigata,,
,B. Schwarzberg,B GT 0024692,DB 15274,Brassicales,Brassicaceae,Biscutella laevigata,,
8941,R. Hand,B GT 0024815,DB 14944,Brassicales,Brassicaceae,Biscutella laevigata,,
9159,R. Hand,B GT 0024985,DB 15099,Brassicales,Brassicaceae,Biscutella laevigata,,
FJW-2018-0004,F.-J. Weicherding,B GT 0024157,DB 35158,Brassicales,Brassicaceae,Brassica napus,,
KPB 36661,"Buttler,K.P. & Diguet,A.",B GT 0018642,DB 14180,Brassicales,Brassicaceae,Brassica nigra,,
8525,"Hand,R.",B GT 0018849,DB 13710,Brassicales,Brassicaceae,Brassica nigra,,
8468,"Hand,R.",B GT 0018792,DB 13675,Brassicales,Brassicaceae,Bunias orientalis,,
36495,K. P. Buttler,B GT 0018558,DB 14679,Brassicales,Brassicaceae,Cakile maritima,,
2017-55,R. Mause,B GT 0021786,DB 30837,Brassicales,Brassicaceae,Calepina irregularis,,
8419,R. Hand,B GT 0018743,DB 14833,Brassicales,Brassicaceae,Camelina microcarpa,,
2369,"Appel,O.",B GT 0017204,DB 13400,Brassicales,Brassicaceae,Capsella bursa-pastoris,,
2016-25,"Mause,R.",B GT 0017490,DB 13524,Brassicales,Brassicaceae,Capsella bursa-pastoris,,
36533,K. P. Buttler,B GT 0017759,DB 29425,Brassicales,Brassicaceae,Capsella bursa-pastoris,,
36474,"Buttler,K.P.",B GT 0018533,DB 14107,Brassicales,Brassicaceae,Capsella bursa-pastoris,,
2376,"Appel,O.",B GT 0017496,DB 13402,Brassicales,Brassicaceae,Cardamine amara,,
8688,R. Hand,B GT 0021020,DB 29348,Brassicales,Brassicaceae,Cardamine amara,,
11MB,M. Berghofer,B GT 0021335,DB 29469,Brassicales,Brassicaceae,Cardamine amara,,
PC 215,"Ciongwa,P.",B GT 0021410,DB 14359,Brassicales,Brassicaceae,Cardamine amara,,
36847,K. P. Buttler,B GT 0024908,DB 14760,Brassicales,Brassicaceae,Cardamine amara,,
36816,K. P. Buttler,B GT 0024914,DB 14746,Brassicales,Brassicaceae,Cardamine amara,,
2384,"Appel,O.",B GT 0017199,DB 13408,Brassicales,Brassicaceae,Cardamine bulbifera,,
AMB-GBOL2-36,"Barniske,A.-M.",B GT 0017660,DB 13321,Brassicales,Brassicaceae,Cardamine bulbifera,,
8277,"Hand,R.",B GT 0021275,DB 13571,Brassicales,Brassicaceae,Cardamine bulbifera,,
36819,K. P. Buttler,B GT 0024912,DB 14788,Brassicales,Brassicaceae,Cardamine bulbifera,,
PC 202,P. Ciongwa,B GT 0021422,DB 15254,Brassicales,Brassicaceae,Cardamine dentata,,
FJW-2017-0012,F.-J. Weicherding,B GT 0021651,DB 15200,Brassicales,Brassicaceae,Cardamine dentata,,
8600,R. Hand,B GT 0018924,DB 29339,Brassicales,Brassicaceae,Cardamine enneaphyllos,,
2MB,"Berghofer,M.",B GT 0021326,DB 14311,Brassicales,Brassicaceae,Cardamine enneaphyllos,,
3MB,"Berghofer,M.",B GT 0021327,DB 14312,Brassicales,Brassicaceae,Cardamine enneaphyllos,,
AM3,A. Mayer,B GT 0024516,DB 15391,Brassicales,Brassicaceae,Cardamine enneaphyllos,,
7570,R. Hand,B GT 0017064,DB 14664,Brassicales,Brassicaceae,Cardamine flexuosa,,
2388,O. Appel,B GT 0017212,DB 14599,Brassicales,Brassicaceae,Cardamine flexuosa,,
35800,"Buttler,K.P.",B GT 0018152,DB 13987,Brassicales,Brassicaceae,Cardamine flexuosa,,
20180207,G. Schepers,B GT 0024503,DB 15291,Brassicales,Brassicaceae,Cardamine heptaphylla,,
20180202,G. Schepers,B GT 0024504,DB 15286,Brassicales,Brassicaceae,Cardamine heptaphylla,,
PC 120,"Ciongwa,P.",B GT 0017417,DB 13145,Brassicales,Brassicaceae,Cardamine hirsuta,,
2016-7,"Mause,R.",B GT 0017470,DB 13506,Brassicales,Brassicaceae,Cardamine hirsuta,,
2016-5,"Mause,R.",B GT 0017472,DB 13505,Brassicales,Brassicaceae,Cardamine hirsuta,,
FJW-2016-0002,F.-J. Weicherding,B GT 0017926,DB 14720,Brassicales,Brassicaceae,Cardamine hirsuta,,
2338,O. Appel,B GT 0018001,DB 14588,Brassicales,Brassicaceae,Cardamine hirsuta,,
36173,K. P. Buttler,B GT 0018435,DB 14687,Brassicales,Brassicaceae,Cardamine hirsuta,,
36608,"Buttler,K.P.",B GT 0017711,DB 14158,Brassicales,Brassicaceae,Cardamine impatiens,,
36354,"Buttler,K.P.",B GT 0018614,DB 14071,Brassicales,Brassicaceae,Cardamine impatiens,,
FJW-2017-0002,F.-J. Weicherding,B GT 0021637,DB 30745,Brassicales,Brassicaceae,Cardamine impatiens,,
36895,K. P. Buttler,B GT 0024997,DB 14773,Brassicales,Brassicaceae,Cardamine impatiens,,
RH 7224,"Hand,R. & GEFD-Exkursion",B GT 0005592,DB 12487,Brassicales,Brassicaceae,Cardamine parviflora,Gewebe fehlt; Tüte Aufsammlung nicht vorhanden,
GBOL-011,G. Himpel GBOL-011 & al.,B GT 0024455,DB 15560,Brassicales,Brassicaceae,Cardamine pentaphyllos,,
AM2,A. Mayer,B GT 0024515,DB 15390,Brassicales,Brassicaceae,Cardamine pentaphyllos,,
2402,O. Appel,B GT 0017269,DB 14602,Brassicales,Brassicaceae,Cardamine pratensis,,
AMB-GBOL2-47,"Barniske,A.-M.",B GT 0017640,DB 13332,Brassicales,Brassicaceae,Cardamine pratensis,,
8126,"Hand,R.",B GT 0021246,DB 13555,Brassicales,Brassicaceae,Cardamine pratensis,,
20180210,G. Schepers,B GT 0024565,DB 15765,Brassicales,Brassicaceae,Cardamine pratensis,,
,,B GT 0024794,DB 14987,Brassicales,Brassicaceae,Cochlearia bavarica,,
PC 125,"Ciongwa,P.",B GT 0017421,DB 14545,Brassicales,Brassicaceae,Cochlearia danica,,
36190,"Buttler,K.P.",B GT 0018397,DB 14051,Brassicales,Brassicaceae,Cochlearia danica,,
2017-34,R. Mause,B GT 0021805,DB 30824,Brassicales,Brassicaceae,Cochlearia danica,,
2679,O. Appel,B GT 0024137,DB 15835,Brassicales,Brassicaceae,Cochlearia danica,,
,A. König,B GT 0024451,DB 15615,Brassicales,Brassicaceae,Cochlearia pyrenaica,,
20180940,G. Schepers,B GT 0024704,DB 15363,Brassicales,Brassicaceae,Cochlearia pyrenaica,,
8937,R. Hand,B GT 0024821,DB 14942,Brassicales,Brassicaceae,Cochlearia pyrenaica,,
,,B GT 0024754,DB 14988,Brassicales,Brassicaceae,Coincya monensis,,
,H. Seitz,B GT 0024360,DB 15644,Brassicales,Brassicaceae,Conringia orientalis,,
8321,"Hand,R.",B GT 0021319,DB 13597,Brassicales,Brassicaceae,Descurainia sophia,,
35901,"Buttler,K.P.",B GT 0018206,DB 14025,Brassicales,Brassicaceae,Diplotaxis tenuifolia,,
8394,"Hand,R.",B GT 0018718,DB 13635,Brassicales,Brassicaceae,Diplotaxis tenuifolia,,
FJW-2017-0008,F.-J. Weicherding,B GT 0021643,DB 30751,Brassicales,Brassicaceae,Diplotaxis tenuifolia,,
8299,"Hand,R.",B GT 0021297,DB 13583,Brassicales,Brassicaceae,Draba muralis,,
FJW-2017-0001,F.-J. Weicherding,B GT 0021636,DB 30744,Brassicales,Brassicaceae,Draba muralis,,
2017-38,R. Mause,B GT 0021795,DB 30826,Brassicales,Brassicaceae,Draba muralis,,
2017-42,R. Mause,B GT 0021799,DB 30829,Brassicales,Brassicaceae,Draba muralis,,
8124,R. Hand,B GT 0021244,DB 14815,Brassicales,Brassicaceae,Draba praecox,,
20180201,G. Schepers,B GT 0024580,DB 15763,Brassicales,Brassicaceae,Draba praecox,,
2351,"Appel,O.",B GT 0017220,DB 13388,Brassicales,Brassicaceae,Draba verna,,
PC 111,"Ciongwa,P.",B GT 0017408,DB 13139,Brassicales,Brassicaceae,Draba verna,,
7313,R. Hand,B GT 0017551,DB 14657,Brassicales,Brassicaceae,Draba verna,,
FJW-2016-0011,"Weicherding,F.-J.",B GT 0017905,DB 13201,Brassicales,Brassicaceae,Draba verna,,
2336,"Appel,O.",B GT 0018000,DB 13380,Brassicales,Brassicaceae,Draba verna,,
36193,K. P. Buttler,B GT 0018400,DB 14875,Brassicales,Brassicaceae,Draba verna,,
8112,R. Hand,B GT 0021232,DB 14814,Brassicales,Brassicaceae,Draba verna,,
8125,R. Hand,B GT 0021245,DB 29254,Brassicales,Brassicaceae,Draba verna,,
8672,"Hand,R.",B GT 0021003,DB 13799,Brassicales,Brassicaceae,Erucastrum gallicum,,
8802,"Hand,R.",B GT 0021134,DB 13867,Brassicales,Brassicaceae,Erucastrum gallicum,,
8798,"Hand,R.",B GT 0021130,DB 13865,Brassicales,Brassicaceae,Erucastrum nasturtiifolium,,
GBOL-006,G. Himpel,B GT 0024387,DB 15639,Brassicales,Brassicaceae,Erucastrum nasturtiifolium,,
2592,O. Appel,B GT 0017254,DB 14639,Brassicales,Brassicaceae,Erysimum cheiranthoides,,
PC 274,"Ciongwa,P.",B GT 0021351,DB 14407,Brassicales,Brassicaceae,Erysimum cheiranthoides,,
8353,R. Hand 8353 & GEFD-Exkursion,B GT 0018676,DB 14822,Brassicales,Brassicaceae,Erysimum crepidifolium,,
8287,"Hand,R.",B GT 0021285,DB 13577,Brassicales,Brassicaceae,Erysimum crepidifolium,,
8298,R. Hand,B GT 0021296,DB 29266,Brassicales,Brassicaceae,Erysimum crepidifolium,,
NHG-20170831-83,R. Höcker,B GT 0021537,DB 29495,Brassicales,Brassicaceae,Erysimum marschallianum,,
NHG-TR-01,W. Troeder,B GT 0021566,DB 29502,Brassicales,Brassicaceae,Erysimum marschallianum,,
6874,R. Hand 6874 & E. von Raab-Straube,B GT 0017184,DB 14570,Brassicales,Brassicaceae,Erysimum odoratum,,
RH 8349,"Hand,R. & GEFD-Exkursion",B GT 0018672,DB 13613,Brassicales,Brassicaceae,Erysimum repandum,,
8422,R. Hand,B GT 0018746,DB 29298,Brassicales,Brassicaceae,Erysimum repandum,,
RH 8459,"Hand,R. & Dunkel,F.G.",B GT 0018783,DB 13671,Brassicales,Brassicaceae,Fourraea alpina,,
GBOL-001,G. Himpel,B GT 0024382,DB 15634,Brassicales,Brassicaceae,Hornungia petraea,,
PC 210,"Ciongwa,P.",B GT 0021414,DB 14355,Brassicales,Brassicaceae,Hornungia procumbens,,
GBOL-021,G. Himpel,B GT 0024464,DB 15570,Brassicales,Brassicaceae,Iberis amara,,
20180917,G. Schepers,B GT 0024538,DB 15345,Brassicales,Brassicaceae,Iberis amara,,
GBOL-027,G. Himpel,B GT 0024470,DB 15576,Brassicales,Brassicaceae,Iberis linifolia,,
FJW-2016-0035,"Weicherding,F.-J.",B GT 0017864,DB 13225,Brassicales,Brassicaceae,Isatis tinctoria,,
36351,"Buttler,K.P.",B GT 0018600,DB 14069,Brassicales,Brassicaceae,Isatis tinctoria,,
8943,R. Hand,B GT 0024817,DB 14945,Brassicales,Brassicaceae,Isatis tinctoria,,
9158,R. Hand,B GT 0024982,DB 15098,Brassicales,Brassicaceae,Kernera saxatilis,,
20170716-73,R. Höcker,G BT 0021486,DB 29482,Brassicales,Brassicaceae,Lepidium  densiflorum,,
FJW-2013-0082,"Weicherding,F.-J.",B GT 0018340,DB 14328,Brassicales,Brassicaceae,Lepidium  virginicum,,
8307,R. Hand,B GT 0021305,DB 29269,Brassicales,Brassicaceae,Lepidium campestre,,
35718,"Buttler,K.P.",B GT 0018184,DB 13962,Brassicales,Brassicaceae,Lepidium coronopus,,
FJW-2017-0053,F.-J. Weicherding,B GT 0021697,DB 30790,Brassicales,Brassicaceae,Lepidium didymum,,
20180211,G. Schepers,B GT 0024567,DB 15293,Brassicales,Brassicaceae,Lepidium didymum,,
36612,K. P. Buttler,B GT 0017751,DB 29432,Brassicales,Brassicaceae,Lepidium draba,,
8527,"Hand,R.",B GT 0018851,DB 13711,Brassicales,Brassicaceae,Lepidium graminifolium,,
FJW-2017-0025,F.-J. Weicherding,B GT 0021667,DB 30767,Brassicales,Brassicaceae,Lepidium graminifolium,,
PC 196,P. Ciongwa,B GT 0017439,DB 14734,Brassicales,Brassicaceae,Lepidium neglectum,,
2435,O. Appel,B GT 0017222,DB 14608,Brassicales,Brassicaceae,Lepidium ruderale,,
PC 263,P. Ciongwa,B GT 0021362,DB 29509,Brassicales,Brassicaceae,Lepidium ruderale,,
36434,K. P. Buttler,B GT 0018376,DB 14688,Brassicales,Brassicaceae,Lepidium sativum,,
35785,"Buttler,K.P.",B GT 0018150,DB 13981,Brassicales,Brassicaceae,Lepidium virginicum,,
8732,R. Hand,B GT 0021064,DB 29363,Brassicales,Brassicaceae,Lepidium virginicum,,
2397,"Appel,O.",B GT 0018028,DB 13418,Brassicales,Brassicaceae,Lunaria annua,,
36196,"Buttler,K.P.",B GT 0018415,DB 14055,Brassicales,Brassicaceae,Lunaria annua,,
36842,K. P. Buttler,B GT 0024911,DB 14766,Brassicales,Brassicaceae,Lunaria annua,,
2419,"Appel,O.",B GT 0017945,DB 13428,Brassicales,Brassicaceae,Lunaria rediviva,,
35725,"Buttler,K.P.",B GT 0018189,DB 13964,Brassicales,Brassicaceae,Lunaria rediviva,,
20170525-47,"Höcker,R.",G BT 0021460,DB 14291,Brassicales,Brassicaceae,Lunaria rediviva,,
2016-18,"Mause,R.",B GT 0017402,DB 13517,Brassicales,Brassicaceae,Microthlaspi perfoliatum,,
PC 129,P. Ciongwa,B GT 0017426,DB 14802,Brassicales,Brassicaceae,Microthlaspi perfoliatum,,
FJW-2016-0021,"Weicherding,F.-J.",B GT 0017878,DB 13211,Brassicales,Brassicaceae,Microthlaspi perfoliatum,,
36445,K. P. Buttler,B GT 0018382,DB 14689,Brassicales,Brassicaceae,Microthlaspi perfoliatum,,
8145,R. Hand,B GT 0021265,DB 14817,Brassicales,Brassicaceae,Microthlaspi perfoliatum,,
8305,R. Hand,B GT 0021303,DB 15468,Brassicales,Brassicaceae,Microthlaspi perfoliatum,,
9103,R. Hand,B GT 0024964,DB 15127,Brassicales,Brassicaceae,Nasturtium microphyllum,,
PC 199,P. Ciongwa,B GT 0017442,DB 14736,Brassicales,Brassicaceae,Nasturtium officinale,,
36569,K. P. Buttler,B GT 0017714,DB 14694,Brassicales,Brassicaceae,Nasturtium officinale,,
PC 243,"Ciongwa,P.",B GT 0021382,DB 14384,Brassicales,Brassicaceae,Noccaea caerulescens,,
20180206,G. Schepers,B GT 0024512,DB 15290,Brassicales,Brassicaceae,Noccaea caerulescens,,
20170320-08,R. Höcker,G BT 0021495,DB 29472,Brassicales,Brassicaceae,Noccaea caerulescens,,
9161,R. Hand,B GT 0024984,DB 15100,Brassicales,Brassicaceae,Noccaea montana,,
8678,R. Hand,B GT 0021010,DB 29345,Brassicales,Brassicaceae,Noccaea rotundifolia,,
8705,R. Hand,B GT 0021037,DB 29543,Brassicales,Brassicaceae,Noccaea rotundifolia,,
8884,"Hand,R.",B GT 0021216,DB 13917,Brassicales,Brassicaceae,Pseudoturritis turrita,,
36688,K. P. Buttler,B GT 0018463,DB 29444,Brassicales,Brassicaceae,Raphanus raphanistrum,,
FJW-2016-0090,F.-J. Weicherding,B GT 0021632,DB 30740,Brassicales,Brassicaceae,Raphanus raphanistrum,,
9185,R. Hand,B GT 0024778,DB 15152,Brassicales,Brassicaceae,Rapistrum perenne,,
8894,"Hand,R.",B GT 0021226,DB 13926,Brassicales,Brassicaceae,Rapistrum rugosum,,
2453,"Appel,O.",B GT 0018060,DB 13448,Brassicales,Brassicaceae,Rorippa amphibia,,
36418,"Buttler,K.P.",B GT 0018649,DB 14084,Brassicales,Brassicaceae,Rorippa amphibia,,
2705,O. Appel,B GT 0024152,DB 35151,Brassicales,Brassicaceae,Rorippa anceps,,
2446,O. Appel,B GT 0017493,DB 14610,Brassicales,Brassicaceae,Rorippa palustris,,
36768,K. P. Buttler,B GT 0018472,DB 14710,Brassicales,Brassicaceae,Rorippa palustris,,
8740,R. Hand 8740 & M. Berghofer,B GT 0021072,DB 29365,Brassicales,Brassicaceae,Rorippa palustris,,
PC 257,P. Ciongwa,B GT 0021368,DB 29508,Brassicales,Brassicaceae,Rorippa palustris,,
8739,R. Hand 8739 & M. Berghofer,B GT 0021071,DB 29364,Brassicales,Brassicaceae,Rorippa sylvestris,,
PC 258,"Ciongwa,P.",B GT 0021367,DB 14396,Brassicales,Brassicaceae,Rorippa sylvestris,,
8969,R. Hand,B GT 0024840,DB 15813,Brassicales,Brassicaceae,Rorippa sylvestris,,
FJW-2016-0049,"Weicherding,F.-J.",B GT 0017237,DB 13238,Brassicales,Brassicaceae,Sinapis arvensis,,
2443,"Appel,O.",B GT 0018054,DB 13442,Brassicales,Brassicaceae,Sinapis arvensis,,
36483,K. P. Buttler,B GT 0018565,DB 29422,Brassicales,Brassicaceae,Sinapis arvensis,,
8438,R. Hand,B GT 0018762,DB 29304,Brassicales,Brassicaceae,Sinapis arvensis,,
2401,"Appel,O.",B GT 0017247,DB 13421,Brassicales,Brassicaceae,Sisymbrium altissimum,,
2430,"Appel,O.",B GT 0018065,DB 13436,Brassicales,Brassicaceae,Sisymbrium altissimum,,
35781,"Buttler,K.P.",B GT 0018149,DB 13979,Brassicales,Brassicaceae,Sisymbrium altissimum,,
20170716-71,R. Höcker,B GT 0021484,DB 15508,Brassicales,Brassicaceae,Sisymbrium altissimum,,
8586,R. Hand,B GT 0018910,DB 29338,Brassicales,Brassicaceae,Sisymbrium austriacum,,
8973,R. Hand,B GT 0024682,DB 15113,Brassicales,Brassicaceae,Sisymbrium irio,,
8399,R. Hand,B GT 0018723,DB 14831,Brassicales,Brassicaceae,Sisymbrium loeselii,,
36597,"Buttler,K.P.",B GT 0017713,DB 14153,Brassicales,Brassicaceae,Sisymbrium officinale,,
8345,R. Hand 8345 & GEFD-Exkursion,B GT 0018668,DB 29279,Brassicales,Brassicaceae,Sisymbrium orientale,,
35845,"Buttler,K.P.",B GT 0018176,DB 14010,Brassicales,Brassicaceae,Sisymbrium strictissimum,,
8115,R. Hand,B GT 0021235,DB 15227,Brassicales,Brassicaceae,Stellaria media,Gewebe fehlt; Tüte Aufsammlung nicht vorhanden,
2422,"Appel,O.",B GT 0017226,DB 13430,Brassicales,Brassicaceae,Teesdalia nudicaulis,,
35779,"Buttler,K.P.",B GT 0018145,DB 13978,Brassicales,Brassicaceae,Teesdalia nudicaulis,,
2017-45,R. Mause,B GT 0021800,DB 30832,Brassicales,Brassicaceae,Teesdalia nudicaulis,,
2016-8,"Mause,R.",B GT 0017469,DB 13507,Brassicales,Brassicaceae,Thlaspi alliaceum,,
2399,"Appel,O.",B GT 0017198,DB 13420,Brassicales,Brassicaceae,Thlaspi arvense,,
8136,"Hand,R.",B GT 0021256,DB 13562,Brassicales,Brassicaceae,Thlaspi arvense,,
2017-9,R. Mause,B GT 0021830,DB 30810,Brassicales,Brassicaceae,Thlaspi arvense,,
36856,K. P. Buttler,B GT 0024949,DB 14780,Brassicales,Brassicaceae,Thlaspi arvense,,
20170416-28,"Höcker,R.",G BT 0021515,DB 14273,Brassicales,Brassicaceae,Thlaspi arvense,,
PC 223,"Ciongwa,P.",B GT 0021402,DB 14366,Brassicales,Brassicaceae,Turritis glabra,,
2017-61,R. Mause,B GT 0021766,DB 30840,Brassicales,Brassicaceae,Turritis glabra,,
7446,"Hand,R.",B GT 0017136,DB 12612,Brassicales,Resedaceae,Reseda lutea,,
NHG 20161008-04,"Troeder,W.",B GT 0017293,DB 13307,Brassicales,Resedaceae,Reseda lutea,,
PC 195,"Ciongwa,P.",B GT 0017438,DB 14549,Brassicales,Resedaceae,Reseda lutea,,
FJW-2016-0041,"Weicherding,F.-J.",B GT 0017246,DB 13231,Brassicales,Resedaceae,Reseda luteola,,
PC 169,"Ciongwa,P.",B GT 0017458,DB 13176,Brassicales,Resedaceae,Reseda luteola,,
36596,"Buttler,K.P.",B GT 0017712,DB 14152,Brassicales,Resedaceae,Reseda luteola,,
PC 102,"Ciongwa,P.",B GT 0017389,DB 13133,Dipsacales,Adoxaceae,Adoxa moschatellina,,
2347,"Appel,O.",B GT 0018026,DB 13386,Dipsacales,Adoxaceae,Adoxa moschatellina,,
8118,"Hand,R.",B GT 0021238,DB 13552,Dipsacales,Adoxaceae,Adoxa moschatellina,,
20170407-20,"Höcker,R.",G BT 0021497,DB 14265,Dipsacales,Adoxaceae,Adoxa moschatellina,,
35905,"Buttler,K.P.",B GT 0018196,DB 14028,Dipsacales,Adoxaceae,Sambucus ebulus,,
MS-SH-2,"Schön,M.",B GT 0017298,DB 13273,Dipsacales,Adoxaceae,Sambucus nigra,,
2455,"Appel,O.",B GT 0018061,DB 13449,Dipsacales,Adoxaceae,Sambucus nigra,,
36242,"Buttler,K.P.",B GT 0018596,DB 14058,Dipsacales,Adoxaceae,Sambucus nigra,,
2387,"Appel,O.",B GT 0017211,DB 13411,Dipsacales,Adoxaceae,Sambucus racemosa,,
KPB 35791,"Buttler,K.P. & Diguet,A.",B GT 0018143,DB 13983,Dipsacales,Adoxaceae,Sambucus racemosa,,
FJW-2016-0059,"Weicherding,F.-J.",B GT 0017826,DB 13247,Dipsacales,Adoxaceae,Viburnum lantana,,
KPB 36642,"Buttler,K.P. & Börger,U.",B GT 0018634,DB 14168,Dipsacales,Adoxaceae,Viburnum lantana,,
8695,"Hand,R.",B GT 0021027,DB 13811,Dipsacales,Adoxaceae,Viburnum lantana,,
AMB-GBOL2-113,A.-M. Barniske,B GT 0021870,DB 30927,Dipsacales,Adoxaceae,Viburnum opulus,,
36841,K. P. Buttler,B GT 0024939,DB 14765,Dipsacales,Adoxaceae,Viburnum opulus,,
8544,"Hand,R.",B GT 0018868,DB 13726,Dipsacales,Caprifoliaceae,Centranthus ruber,,
8806,"Hand,R.",B GT 0021138,DB 13870,Dipsacales,Caprifoliaceae,Centranthus ruber,,
8840,"Hand,R.",B GT 0021172,DB 13893,Dipsacales,Caprifoliaceae,Dipsacus laciniatus,,
PC 294,"Ciongwa,P.",B GT 0021439,DB 14418,Dipsacales,Caprifoliaceae,Dipsacus laciniatus,,
FJW-2017-0037,F.-J. Weicherding,B GT 0021660,DB 30776,Dipsacales,Caprifoliaceae,Dipsacus laciniatus,,
8833,R. Hand,B GT 0021165,DB 29397,Dipsacales,Caprifoliaceae,Dipsacus pilosus,,
36623,"Buttler,K.P.",B GT 0017782,DB 14163,Dipsacales,Caprifoliaceae,Knautia arvensis,,
PC 279,"Ciongwa,P.",B GT 0021425,DB 14411,Dipsacales,Caprifoliaceae,Knautia arvensis,,
MS-TH-20,"Schön,M.",B GT 0021573,DB 14540,Dipsacales,Caprifoliaceae,Knautia arvensis,,
36901,K. P. Buttler,B GT 0024921,DB 14777,Dipsacales,Caprifoliaceae,Knautia arvensis,,
,,B GT 0005036,DB 15078,Dipsacales,Caprifoliaceae,Knautia gracilis,,
20180945,G. Schepers,B GT 0024607,DB 15367,Dipsacales,Caprifoliaceae,Knautia maxima,,
7950,"Hand,R.",B GT 0014697,DB 13011,Dipsacales,Caprifoliaceae,Lonicera alpigena,,
RH 7978,"Hand,R., Berghofer,M. & Niederbichler,C.",B GT 0014712,DB 13037,Dipsacales,Caprifoliaceae,Lonicera caerulea,,
9166,"R. Hand 9166, R. Fritsch, S. Caspari & al.",B GT 0024763,DB 15137,Dipsacales,Caprifoliaceae,Lonicera henryi,,
8601,"Hand,R.",B GT 0018925,DB 13761,Dipsacales,Caprifoliaceae,Lonicera nigra,,
8727,R. Hand,B GT 0021059,DB 29361,Dipsacales,Caprifoliaceae,Lonicera nigra,,
20170525-63,"Höcker,R.",B GT 0021476,DB 14307,Dipsacales,Caprifoliaceae,Lonicera nigra,,
FJW-2016-0053,"Weicherding,F.-J.",B GT 0017832,DB 13242,Dipsacales,Caprifoliaceae,Lonicera periclymenum,,
36419,"Buttler,K.P.",B GT 0018648,DB 14085,Dipsacales,Caprifoliaceae,Lonicera periclymenum,,
PC 136,"Ciongwa,P.",B GT 0017501,DB 13153,Dipsacales,Caprifoliaceae,Lonicera xylosteum,,
36444,K. P. Buttler,B GT 0018371,DB 29415,Dipsacales,Caprifoliaceae,Lonicera xylosteum,,
WEM088,W. Melenk (GBOL-Bioblitz 2017),B GT 0021937,DB 15680,Dipsacales,Caprifoliaceae,Scabiosa canescens,,
RH 7822,"Hand,R. & Niederbichler,C.",B GT 0014827,DB 12902,Dipsacales,Caprifoliaceae,Scabiosa columbaria,,
2016-39,R. Mause,B GT 0017476,DB 15505,Dipsacales,Caprifoliaceae,Scabiosa columbaria,,
36627,K. P. Buttler,B GT 0017777,DB 14706,Dipsacales,Caprifoliaceae,Scabiosa columbaria,,
PC 280,"Ciongwa,P.",B GT 0021426,DB 14412,Dipsacales,Caprifoliaceae,Scabiosa columbaria,,
NHG-20170820-76,"Höcker,R.",B GT 0021529,DB 14496,Dipsacales,Caprifoliaceae,Scabiosa columbaria,,
2017-129,R. Mause,B GT 0021740,DB 15195,Dipsacales,Caprifoliaceae,Scabiosa columbaria,,
,,B GT 0024729,DB 15010,Dipsacales,Caprifoliaceae,Scabiosa columbaria,,
RH 7906,"Hand,R. & Niederbichler,C.",B GT 0014746,DB 12970,Dipsacales,Caprifoliaceae,Scabiosa lucida,,
CN_20170814_3,C. Niederbichler,B GT 0021888,DB 30956,Dipsacales,Caprifoliaceae,Scabiosa lucida,,
8031,"Hand,R.",B GT 0017811,DB 13085,Dipsacales,Caprifoliaceae,Scabiosa ochroleuca,,
WEM081,W. Melenk (GBOL-Bioblitz 2017),B GT 0021944,DB 30994,Dipsacales,Caprifoliaceae,Scabiosa ochroleuca,,
RH 7814,"Hand,R., Berghofer,M. & Niederbichler,C.",B GT 0014835,DB 12895,Dipsacales,Caprifoliaceae,Succisa pratensis,,
FJW-2016-0077,"Weicherding,F.-J.",B GT 0017630,DB 13265,Dipsacales,Caprifoliaceae,Succisa pratensis,,
36703,"Buttler,K.P.",B GT 0018488,DB 14199,Dipsacales,Caprifoliaceae,Succisa pratensis,,
NHG-20170903-85,"Höcker,R.",B GT 0021538,DB 14503,Dipsacales,Caprifoliaceae,Succisa pratensis,,
,,B GT 0024691,DB 15020,Dipsacales,Caprifoliaceae,Succisa pratensis,,
NM2017/14,N. Meyer,B GT 0021620,DB 29537,Dipsacales,Caprifoliaceae,Succisella inflexa,,
35664,"Buttler,K.P.",B GT 0018169,DB 13953,Dipsacales,Caprifoliaceae,Valeriana dioica,,
2013-22,"Mause,R.",B GT 0018268,DB 14230,Dipsacales,Caprifoliaceae,Valeriana dioica,,
,,B GT 0024791,DB 15026,Dipsacales,Caprifoliaceae,Valeriana dioica,,
2448,O. Appel,B GT 0018055,DB 14611,Dipsacales,Caprifoliaceae,Valeriana excelsa,,
RH 7901,"Hand,R. & Niederbichler,C.",B GT 0014732,DB 12965,Dipsacales,Caprifoliaceae,Valeriana montana,,
KPB 35659,"Buttler,K.P. & Diguet,A.",B GT 0018156,DB 13951,Dipsacales,Caprifoliaceae,Valeriana pratensis,,
8382,"Hand,R.",B GT 0018705,DB 13626,Dipsacales,Caprifoliaceae,Valeriana pratensis,,
8467,R. Hand,B GT 0018791,DB 15236,Dipsacales,Caprifoliaceae,Valeriana pratensis,,
8479,R. Hand,B GT 0018803,DB 15238,Dipsacales,Caprifoliaceae,Valeriana pratensis,,
20180239,G. Schepers,B GT 0024585,DB 15318,Dipsacales,Caprifoliaceae,Valeriana pratensis,,
RH 7910,"Hand,R. & Niederbichler,C.",B GT 0014750,DB 12974,Dipsacales,Caprifoliaceae,Valeriana saxatilis,,
RH 7893,"Hand,R. & Niederbichler,C.",B GT 0014739,DB 12958,Dipsacales,Caprifoliaceae,Valeriana supina,,
8630,"Hand,R.",B GT 0018954,DB 13774,Dipsacales,Caprifoliaceae,Valeriana tripteris,,
5MB,"Berghofer,M.",B GT 0021329,DB 14313,Dipsacales,Caprifoliaceae,Valeriana tripteris,,
2016-19,"Mause,R.",B GT 0017401,DB 13518,Dipsacales,Caprifoliaceae,Valerianella carinata,,
7337,R. Hand,B GT 0017575,DB 15426,Dipsacales,Caprifoliaceae,Valerianella carinata,Gewebe fehlt; Tüte Aufsammlung nicht vorhanden,
FJW-2016-0034,"Weicherding,F.-J.",B GT 0017865,DB 13224,Dipsacales,Caprifoliaceae,Valerianella carinata,,
36352,"Buttler,K.P.",B GT 0018601,DB 14070,Dipsacales,Caprifoliaceae,Valerianella carinata,,
2017-52,R. Mause,B GT 0021794,DB 15182,Dipsacales,Caprifoliaceae,Valerianella carinata,,
PC 159,"Ciongwa,P.",B GT 0017511,DB 14554,Dipsacales,Caprifoliaceae,Valerianella dentata,,
8421,"Hand,R.",B GT 0018745,DB 13652,Dipsacales,Caprifoliaceae,Valerianella dentata,,
2016-27,"Mause,R.",B GT 0017488,DB 13526,Dipsacales,Caprifoliaceae,Valerianella locusta,,
2380,"Appel,O.",B GT 0017495,DB 13406,Dipsacales,Caprifoliaceae,Valerianella locusta,,
PC 158,"Ciongwa,P.",B GT 0017507,DB 13172,Dipsacales,Caprifoliaceae,Valerianella locusta,,
FJW-2016-0030,"Weicherding,F.-J.",B GT 0017869,DB 13220,Dipsacales,Caprifoliaceae,Valerianella locusta,,
36357,"Buttler,K.P.",B GT 0018606,DB 14074,Dipsacales,Caprifoliaceae,Valerianella locusta,,
2682,O. Appel,B GT 0024139,DB 15838,Dipsacales,Caprifoliaceae,Valerianella locusta,,
GBOL-028,G. Himpel,B GT 0024471,DB 15577,Dipsacales,Caprifoliaceae,Valerianella rimosa,,
35673,"Buttler,K.P.",B GT 0018161,DB 13956,Dipsacales,Dipsacaceae,Dipsacus strigosus,,
