Collector's No,Collector(s),Tissue ID,DNA Sample ID,Order,Family,Genus
8849,"Hand,R.",B GT 0021181,DB 13898,Acorales,Acoraceae,Acorus calamus
RH 8869,"Hand,R., Dotzer-Schmidt,M. & Seitz,H.",B GT 0021201,DB 13911,Acorales,Acoraceae,Acorus calamus
FJW-2017-0040,F.-J. Weicherding,B GT 0021657,DB 30779,Acorales,Acoraceae,Acorus calamus
8008,"Hand,R.",B GT 0017892,DB 13066,Alismatales,Alismataceae,Alisma gramineum
RH 7816,"Hand,R., Berghofer,M. & Niederbichler,C.",B GT 0014833,DB 12897,Alismatales,Alismataceae,Alisma plantago-aquatica
36711,"Buttler,K.P.",B GT 0018481,DB 14200,Alismatales,Alismataceae,Alisma plantago-aquatica
FJW-2017-0034,F.-J. Weicherding,B GT 0021662,DB 15203,Alismatales,Alismataceae,Alisma plantago-aquatica
DS-2018-004,D. Schabelreiter,B GT 0024407,DB 15532,Alismatales,Alismataceae,Baldellia ranunculoides
,C. Ritz,B GT 0024257,DB 15658,Alismatales,Araceae,Arum cylindraceum
PC 133,"Ciongwa,P.",B GT 0017430,DB 13150,Alismatales,Araceae,Arum maculatum
AMB-GBOL2-59,"Barniske,A.-M.",B GT 0017678,DB 13344,Alismatales,Araceae,Arum maculatum
36422,"Buttler,K.P.",B GT 0018622,DB 14087,Alismatales,Araceae,Arum maculatum
2684,O. Appel,B GT 0024142,DB 15840,Alismatales,Araceae,Arum maculatum
8761,R. Hand 8761 & M. Berghofer,B GT 0021093,DB 15480,Alismatales,Araceae,Lemna minuta
RH 8876,"Hand,R., Dotzer-Schmidt,M. & Seitz,H.",B GT 0021208,DB 13914,Alismatales,Araceae,Lemna trisulca
NHG-20170903-91,"Höcker,R.",B GT 0021544,DB 14505,Alismatales,Araceae,Lemna trisulca
8536,"Hand,R.",B GT 0018860,DB 13719,Alismatales,Araceae,Spirodela polyrhiza
RH 8742,"Hand,R. & Berghofer,M.",B GT 0021074,DB 13836,Alismatales,Araceae,Spirodela polyrhiza
8845,"Hand,R.",B GT 0021177,DB 13896,Alismatales,Araceae,Spirodela polyrhiza
8579,"Hand,R.",B GT 0018903,DB 13746,Alismatales,Butomaceae,Butomus umbellatus
35871,"Buttler,K.P.",B GT 0018127,DB 14018,Alismatales,Hydrocharitaceae,Elodea canadensis
8744,"R. Hand 8744, M. Berghofer & C. Niederbichler",B GT 0021076,DB 29367,Alismatales,Hydrocharitaceae,Elodea canadensis
8799,R. Hand,B GT 0021131,DB 15481,Alismatales,Hydrocharitaceae,Elodea cf. nuttallii
8007,"Hand,R.",B GT 0017891,DB 13065,Alismatales,Hydrocharitaceae,Elodea nuttallii
8573,R. Hand,B GT 0018897,DB 29334,Alismatales,Hydrocharitaceae,Elodea nuttallii
8743,"R. Hand 8743, M. Berghofer & C. Niederbichler",B GT 0021075,DB 29366,Alismatales,Hydrocharitaceae,Elodea nuttallii
NHG-20170903-87,R. Höcker,B GT 0021540,DB 29497,Alismatales,Hydrocharitaceae,Elodea nuttallii
FJW-2017-0051,F.-J. Weicherding,B GT 0021698,DB 30788,Alismatales,Hydrocharitaceae,Elodea nuttallii
NHG-20170827-81,"Höcker,R.",B GT 0021534,DB 14501,Alismatales,Hydrocharitaceae,Hydrocharis morsus-ranae
,A. König,B GT 0024446,DB 15617,Alismatales,Hydrocharitaceae,Lagarosiphon major
8518,"Hand,R.",B GT 0018842,DB 13707,Alismatales,Hydrocharitaceae,Najas marina
RH 8745,"Hand,R., Berghofer,M. & Niederbichler,C.",B GT 0021077,DB 13837,Alismatales,Hydrocharitaceae,Najas marina
RH 8758,"Hand,R. & Berghofer,M.",B GT 0021090,DB 13842,Alismatales,Hydrocharitaceae,Najas marina
8898,R. Hand,B GT 0021230,DB 15495,Alismatales,Hydrocharitaceae,Najas marina
CN_20170922_2,C. Niederbichler,B GT 0021885,DB 30959,Alismatales,Hydrocharitaceae,Najas marina
CN_20170922_1,C. Niederbichler,B GT 0021886,DB 30958,Alismatales,Hydrocharitaceae,Najas marina
9189,R. Hand,B GT 0024243,DB 15823,Alismatales,Hydrocharitaceae,Najas marina
9175,R. Hand,B GT 0024772,DB 15144,Alismatales,Hydrocharitaceae,Najas minor
NHG-20170827-82,"Höcker,R.",B GT 0021535,DB 14502,Alismatales,Hydrocharitaceae,Stratiotes aloides
13982,P. Hein,B GT 0024678,DB 15085,Alismatales,Hydrocharitaceae,Vallisneria spiralis
RH 8075,"Hand,R. & GEFD-Exkursion",B GT 0017913,DB 13123,Alismatales,Juncaginaceae,Triglochin palustris
8551,"Hand,R.",B GT 0018875,DB 13731,Alismatales,Juncaginaceae,Triglochin palustris
NHG-20170903-88,R. Höcker,B GT 0021541,DB 29498,Alismatales,Potamogetonaceae,Potamogeton acutifolius
,H. Seitz,B GT 0024509,DB 15160,Alismatales,Potamogetonaceae,Potamogeton acutifolius
7725,R. Hand 7725 & C. Niederbichler,B GT 0014956,DB 15448,Alismatales,Potamogetonaceae,Potamogeton alpinus
8843,R. Hand,B GT 0021175,DB 15486,Alismatales,Potamogetonaceae,Potamogeton alpinus
NHG-20170903-89,R. Höcker,B GT 0021542,DB 15515,Alismatales,Potamogetonaceae,Potamogeton alpinus
GBOL-041,G. Himpel,B GT 0024435,DB 15590,Alismatales,Potamogetonaceae,Potamogeton angustifolius
8557,R. Hand,B GT 0018881,DB 15473,Alismatales,Potamogetonaceae,Potamogeton berchtoldii
8846,R. Hand,B GT 0021178,DB 15487,Alismatales,Potamogetonaceae,Potamogeton berchtoldii
,A. König,B GT 0024594,DB 15622,Alismatales,Potamogetonaceae,Potamogeton berchtoldii
8878,"R. Hand 8878, M. Dotzer-Schmidt & H. Seitz",B GT 0021210,DB 15493,Alismatales,Potamogetonaceae,Potamogeton cf. angustifolius
9170,R. Hand,B GT 0024766,DB 15404,Alismatales,Potamogetonaceae,Potamogeton cf. berchtoldii
8829,R. Hand,B GT 0021161,DB 15485,Alismatales,Potamogetonaceae,Potamogeton crispus
PC 297,"Ciongwa,P.",B GT 0021442,DB 14420,Alismatales,Potamogetonaceae,Potamogeton crispus
8571,"Hand,R.",B GT 0018895,DB 13742,Alismatales,Potamogetonaceae,Potamogeton crispus 
7997,R. Hand,B GT 0014659,DB 15453,Alismatales,Potamogetonaceae,Potamogeton gramineus
8874,"R. Hand 8874, M. Dotzer-Schmidt & H. Seitz",B GT 0021206,DB 15490,Alismatales,Potamogetonaceae,Potamogeton gramineus
DS-2018-009,D. Schabelreiter,B GT 0024402,DB 15536,Alismatales,Potamogetonaceae,Potamogeton gramineus
GBOL-042,G. Himpel,B GT 0024436,DB 15591,Alismatales,Potamogetonaceae,Potamogeton gramineus
RH 7785,"Hand,R., Berghofer,M. & Niederbichler,C.",B GT 0017002,DB 12867,Alismatales,Potamogetonaceae,Potamogeton lucens
NHG 20160901-03,"Höcker,R.",B GT 0017376,DB 13299,Alismatales,Potamogetonaceae,Potamogeton lucens
2593,"Appel,O.",B GT 0018022,DB 13500,Alismatales,Potamogetonaceae,Potamogeton lucens
FJW-2017-0038,F.-J. Weicherding,B GT 0021659,DB 30777,Alismatales,Potamogetonaceae,Potamogeton lucens
8842,R. Hand,B GT 0021174,DB 29399,Alismatales,Potamogetonaceae,Potamogeton natans
FJW-2017-0030,F.-J. Weicherding,B GT 0021672,DB 30772,Alismatales,Potamogetonaceae,Potamogeton natans
8514,"Hand,R.",B GT 0018838,DB 13704,Alismatales,Potamogetonaceae,Potamogeton nodosus
FJW-2017-0018,F.-J. Weicherding,B GT 0021693,DB 30760,Alismatales,Potamogetonaceae,Potamogeton nodosus
8871,"R. Hand 8871, M. Dotzer-Schmidt & H. Seitz",B GT 0021203,DB 29406,Alismatales,Potamogetonaceae,Potamogeton obtusifolius
8875,"R. Hand 8875, M. Dotzer-Schmidt & H. Seitz",B GT 0021207,DB 15491,Alismatales,Potamogetonaceae,Potamogeton obtusifolius
8572,R. Hand,B GT 0018896,DB 15474,Alismatales,Potamogetonaceae,Potamogeton pectinatus
8759,R. Hand 8759 & M. Berghofer,B GT 0021091,DB 29375,Alismatales,Potamogetonaceae,Potamogeton pectinatus
FJW-2017-0041,F.-J. Weicherding,B GT 0021681,DB 15204,Alismatales,Potamogetonaceae,Potamogeton pectinatus
FJW-2017-0017,F.-J. Weicherding,B GT 0021694,DB 30759,Alismatales,Potamogetonaceae,Potamogeton pectinatus
RH 8738,"Hand,R. & Berghofer,M.",B GT 0021070,DB 13835,Alismatales,Potamogetonaceae,Potamogeton perfoliatus
FJW-2017-0039,F.-J. Weicherding,B GT 0021658,DB 30778,Alismatales,Potamogetonaceae,Potamogeton perfoliatus
8574,"Hand,R.",B GT 0018898,DB 13743,Alismatales,Potamogetonaceae,Potamogeton perfoliatus 
FJW-2017-0031,F.-J. Weicherding,B GT 0021665,DB 15201,Alismatales,Potamogetonaceae,Potamogeton polygonifolius
7996,"Hand,R.",B GT 0014660,DB 13055,Alismatales,Potamogetonaceae,Potamogeton rutilus
8877,"R. Hand 8877, M. Dotzer-Schmidt & H. Seitz",B GT 0021209,DB 15492,Alismatales,Potamogetonaceae,Potamogeton trichoides
PC 81,P. Ciongwa,B GT 0017392,DB 14576,Alismatales,Potamogetonaceae,Zannichellia palustris
8757,R. Hand 8757 & M. Berghofer,B GT 0021089,DB 29374,Alismatales,Potamogetonaceae,Zannichellia palustris
8760,R. Hand 8760 & M. Berghofer,B GT 0021092,DB 29376,Alismatales,Potamogetonaceae,Zannichellia palustris
CN_20170731_4,C. Niederbichler,B GT 0021871,DB 30952,Alismatales,Scheuchzeriaceae,Scheuchzeria palustris
7843,R. Hand,B GT 0014806,DB 29239,Alismatales,Tofieldiaceae,Tofieldia calyculata
20180942,G. Schepers,B GT 0024543,DB 15365,Alismatales,Tofieldiaceae,Tofieldia calyculata
11488,N. Kilian,B GT 0024523,DB 15248,Alismatales,Zosteraceae,Zostera marina
11489,N. Kilian,B GT 0024524,DB 15249,Alismatales,Zosteraceae,Zostera noltei
KPB 36577,"Buttler,K.P. & Breunig,T.",B GT 0017743,DB 14146,Aquifoliales,Aquifoliaceae,Ilex aquifolium
FJW-2016-0007,"Weicherding,F.-J.",B GT 0017909,DB 13198,Aquifoliales,Aquifoliaceae,Ilex aquifolium
36485,"Buttler,K.P.",B GT 0018530,DB 14113,Aquifoliales,Aquifoliaceae,Ilex aquifolium
8836,"Hand,R.",B GT 0021168,DB 13890,Aquifoliales,Aquifoliaceae,Ilex aquifolium
RH 8591,"Hand,R. & Seitz,H.",B GT 0018915,DB 13754,Asparagales,Amaryllidaceae,Allium angulosum
,,B GT 0024658,DB 14976,Asparagales,Amaryllidaceae,Allium angulosum
MJ 18-1,M. Jäger,B GT 0024359,DB 15663,Asparagales,Amaryllidaceae,Allium cirrhosum
8629,"Hand,R.",B GT 0018953,DB 13773,Asparagales,Amaryllidaceae,Allium lusitanicum
36626,K. P. Buttler,B GT 0017778,DB 14701,Asparagales,Amaryllidaceae,Allium oleraceum
PC 293,P. Ciongwa,B GT 0021438,DB 29520,Asparagales,Amaryllidaceae,Allium oleraceum
36174,"Buttler,K.P.",B GT 0018412,DB 14039,Asparagales,Amaryllidaceae,Allium paradoxum
8441,R. Hand,B GT 0018765,DB 29306,Asparagales,Amaryllidaceae,Allium rotundum
,,B GT 0024657,DB 14975,Asparagales,Amaryllidaceae,Allium rotundum
20180238,G. Schepers,B GT 0024563,DB 15317,Asparagales,Amaryllidaceae,Allium sativum
2709,O. Appel,B GT 0024151,DB 35154,Asparagales,Amaryllidaceae,Allium schoenoprasum
8970,R. Hand,B GT 0024841,DB 14959,Asparagales,Amaryllidaceae,Allium schoenoprasum
36473,"Buttler,K.P.",B GT 0018526,DB 14106,Asparagales,Amaryllidaceae,Allium scorodoprasum
8357,R. Hand,B GT 0018680,DB 29285,Asparagales,Amaryllidaceae,Allium scorodoprasum
36641,K. P. Buttler,B GT 0024511,DB 15221,Asparagales,Amaryllidaceae,Allium scorodoprasum
8405,R. Hand,B GT 0018729,DB 29295,Asparagales,Amaryllidaceae,Allium sphaerocephalon
36239,"Buttler,K.P.",B GT 0018612,DB 14057,Asparagales,Amaryllidaceae,Allium strictum
20182402,G. Schepers,B GT 0024632,DB 15374,Asparagales,Amaryllidaceae,Allium tuberosum
2381,"Appel,O.",B GT 0017205,DB 13407,Asparagales,Amaryllidaceae,Allium ursinum
36471,"Buttler,K.P.",B GT 0018574,DB 14105,Asparagales,Amaryllidaceae,Allium ursinum
36409,"Buttler,K.P.",B GT 0018593,DB 14075,Asparagales,Amaryllidaceae,Allium ursinum
26MB,M. Berghofer,B GT 0024249,DB 15654,Asparagales,Amaryllidaceae,Allium victorialis
20180930,G. Schepers,B GT 0024713,DB 15355,Asparagales,Amaryllidaceae,Allium victorialis
36514,K. P. Buttler,B GT 0018527,DB 14894,Asparagales,Amaryllidaceae,Allium vineale
2017-60,R. Mause,B GT 0021767,DB 15185,Asparagales,Amaryllidaceae,Allium vineale
36886,"K. P. Buttler 36886, A. König & K.-U. Nierbauer",B GT 0024901,DB 14785,Asparagales,Amaryllidaceae,Allium vineale
PC 106,"Ciongwa,P.",B GT 0017396,DB 13136,Asparagales,Amaryllidaceae,Galanthus nivalis
AMB-GBOL2-27,"Barniske,A.-M.",B GT 0017669,DB 13312,Asparagales,Amaryllidaceae,Galanthus nivalis
2328,"Appel,O.",B GT 0018003,DB 13375,Asparagales,Amaryllidaceae,Galanthus nivalis
20170305-01,"Höcker,R.",G BT 0021488,DB 14252,Asparagales,Amaryllidaceae,Galanthus nivalis
PC 103,"Ciongwa,P.",B GT 0017391,DB 14542,Asparagales,Amaryllidaceae,Leucojum vernum
36171,"Buttler,K.P.",B GT 0018436,DB 14037,Asparagales,Amaryllidaceae,Leucojum vernum
20170305-03,"Höcker,R.",G BT 0021490,DB 14253,Asparagales,Amaryllidaceae,Leucojum vernum
AMB-GBOL2-132,A.-M. Barniske,B GT 0024693,DB 15277,Asparagales,Amaryllidaceae,Narcissus poeticus
2018-1,R. Mause,B GT 0024357,DB 15780,Asparagales,Amaryllidaceae,Narcissus pseudonarcissus
GBOL-007,G. Himpel,B GT 0024454,DB 15556,Asparagales,Amaryllidaceae,Narcissus pseudonarcissus
20180905,G. Schepers,B GT 0024717,DB 15334,Probe nicht gefunden,,
8304,"Hand,R.",B GT 0021302,DB 13586,Asparagales,Asparagaceae,Anthericum liliago
7984,"Hand,R.",B GT 0014675,DB 13043,Asparagales,Asparagaceae,Anthericum ramosum
,,B GT 0024654,DB 14979,Asparagales,Asparagaceae,Anthericum ramosum
8804,"Hand,R.",B GT 0021136,DB 13868,Asparagales,Asparagaceae,Asparagus officinalis
2702,O. Appel,B GT 0024147,DB 35149,Asparagales,Asparagaceae,Asparagus officinalis
AMB-GBOL2-63,"Barniske,A.-M.",B GT 0017674,DB 13348,Asparagales,Asparagaceae,Convallaria majalis
2018-2,R. Mause,B GT 0024300,DB 15781,Asparagales,Asparagaceae,Hyacinthoides non-scripta
MS-SH-13,"Schön,M.",B GT 0017278,DB 13284,Asparagales,Asparagaceae,Maianthemum bifolium
AMB-GBOL2-41,"Barniske,A.-M.",B GT 0017655,DB 13326,Asparagales,Asparagaceae,Maianthemum bifolium
35667,"Buttler,K.P.",B GT 0018162,DB 13954,Asparagales,Asparagaceae,Maianthemum bifolium
8129,R. Hand,B GT 0021249,DB 15461,Asparagales,Asparagaceae,Muscari armeniacum
36184,K. P. Buttler,B GT 0018408,DB 14909,Asparagales,Asparagaceae,Muscari aucheri
8141,"Hand,R.",B GT 0021261,DB 13566,Asparagales,Asparagaceae,Muscari botryoides
2624,O. Appel,B GT 0021974,DB 14559,Asparagales,Asparagaceae,Muscari botryoides
NM2018/1,N. Meyer,B GT 0024641,DB 15259,Asparagales,Asparagaceae,Muscari comosum
36177,"Buttler,K.P.",B GT 0018405,DB 14042,Asparagales,Asparagaceae,Muscari neglectum
20180203,G. Schepers,B GT 0024579,DB 15287,Asparagales,Asparagaceae,Muscari neglectum
20180204,G. Schepers,B GT 0024581,DB 15288,Asparagales,Asparagaceae,Muscari neglectum
RH 8334,"Hand,R. & GEFD-Exkursion",B GT 0018657,DB 13603,Asparagales,Asparagaceae,Muscari tenuiflorum
NHG-CFH-01,"Frosch-Hoffmann,C.",B GT 0021560,DB 14518,Asparagales,Asparagaceae,Ornithogalum boucheanum
2370,O. Appel,B GT 0017216,DB 14596,Asparagales,Asparagaceae,Ornithogalum nutans
NHG-TR-03,"Troeder,W.",B GT 0021568,DB 14524,Asparagales,Asparagaceae,Ornithogalum nutans
FJW-2018-0003,F.-J. Weicherding,B GT 0024154,DB 35157,Asparagales,Asparagaceae,Ornithogalum pyrenaicum
7398,R. Hand,B GT 0017336,DB 14661,Asparagales,Asparagaceae,Ornithogalum umbellatum
FJW-2016-0025,"Weicherding,F.-J.",B GT 0017874,DB 13215,Asparagales,Asparagaceae,Ornithogalum umbellatum
36840,K. P. Buttler,B GT 0021970,DB 14783,Asparagales,Asparagaceae,Ornithogalum umbellatum
36836,K. P. Buttler,B GT 0024930,DB 15403,Asparagales,Asparagaceae,Ornithogalum umbellatum
36410,"Buttler,K.P.",B GT 0018590,DB 14076,Asparagales,Asparagaceae,Polygonatum multiflorum
PC 218,"Ciongwa,P.",B GT 0021406,DB 14362,Asparagales,Asparagaceae,Polygonatum multiflorum
AMB-GBOL2-96,A.-M. Barniske,B GT 0021846,DB 30910,Asparagales,Asparagaceae,Polygonatum multiflorum
7945,"Hand,R.",B GT 0014692,DB 13006,Asparagales,Asparagaceae,Polygonatum odoratum
RH 7796,"Hand,R., Busl,F. & Niederbichler,C.",B GT 0017013,DB 12877,Asparagales,Asparagaceae,Polygonatum verticillatum
35702,"Buttler,K.P.",B GT 0018173,DB 13961,Asparagales,Asparagaceae,Polygonatum verticillatum
36849,K. P. Buttler,B GT 0024906,DB 14763,Asparagales,Asparagaceae,Polygonatum verticillatum
20170511-40,"Höcker,R.",G BT 0021527,DB 14285,Asparagales,Asparagaceae,Scilla amoena
FJW-2016-0010,"Weicherding,F.-J.",B GT 0017906,DB 13200,Asparagales,Asparagaceae,Scilla bifolia
8135,"Hand,R.",B GT 0021255,DB 13561,Asparagales,Asparagaceae,Scilla bifolia
2330,O. Appel,B GT 0024364,DB 15640,Asparagales,Asparagaceae,Scilla bifolia
20170326-11,"Seitz,H.",G BT 0021503,DB 14260,Asparagales,Asparagaceae,Scilla bifolia
2337,O. Appel,B GT 0017776,DB 15407,Asparagales,Asparagaceae,Scilla luciliae
36183,K. P. Buttler,B GT 0018409,DB 14910,Asparagales,Asparagaceae,Scilla luciliae
2332,"Appel,O.",B GT 0018002,DB 13378,Asparagales,Asparagaceae,Scilla siberica
36180,"Buttler,K.P.",B GT 0018406,DB 14045,Asparagales,Asparagaceae,Scilla siberica
FJW-2016-0008,F.-J. Weicherding,B GT 0017908,DB 14722,Asparagales,Asparagaceae,Scilla siehei
FJW-2016-0006,F.-J. Weicherding,B GT 0017910,DB 14721,Asparagales,Asparagaceae,Scilla siehei
9MB,M. Berghofer,B GT 0021333,DB 29486,Asparagales,Iridaceae,Crocus albiflorus
AM4,A. Mayer,B GT 0024717,DB 15392,Asparagales,Iridaceae,Crocus albiflorus
PC 105,"Ciongwa,P.",B GT 0017393,DB 13135,Asparagales,Iridaceae,Crocus tommasinianus
FJW-2016-0001,"Weicherding,F.-J.",B GT 0017927,DB 13194,Asparagales,Iridaceae,Crocus tommasinianus
8390,"Hand,R.",B GT 0018713,DB 13632,Asparagales,Iridaceae,Iris aphylla
8549,"Hand,R.",B GT 0018873,DB 13730,Asparagales,Iridaceae,Iris germanica
8942,R. Hand,B GT 0024816,DB 15687,Asparagales,Iridaceae,Iris pallida
36855,K. P. Buttler,B GT 0024936,DB 14748,Asparagales,Iridaceae,Iris pseudacorus
NM2018/2,N. Meyer,B GT 0024642,DB 15260,Asparagales,Iridaceae,Iris sambucina
RH 7815,"Hand,R., Berghofer,M. & Niederbichler,C.",B GT 0014834,DB 12896,Asparagales,Iridaceae,Iris sibirica
RH 8773,"Hand,R., Adler,B. & Adler,J.",B GT 0021105,DB 13851,Asparagales,Iridaceae,Iris sibirica
,,B GT 0024741,DB 15000,Asparagales,Iridaceae,Iris sibirica
7439,R. Hand,B GT 0017147,DB 15429,Asparagales,Iridaceae,Iris spec.
,A. König,B GT 0024597,DB 15616,Asparagales,Iridaceae,Iris spuria
20180944,G. Schepers,B GT 0024542,DB 15366,Asparagales,Iridaceae,Iris versicolor
8362,"Hand,R.",B GT 0018685,DB 13618,Asparagales,Orchidaceae,Cephalanthera damasonium
20180214,G. Schepers,B GT 0024558,DB 15296,Asparagales,Orchidaceae,Cephalanthera damasonium
20180213,G. Schepers,B GT 0024573,DB 15295,Asparagales,Orchidaceae,Cephalanthera longifolia
,A. König,B GT 0024596,DB 15614,Asparagales,Orchidaceae,Cephalanthera longifolia
NM2018/8,N. Meyer,B GT 0024640,DB 15266,Asparagales,Orchidaceae,Cephalanthera longifolia
,B. Schwarzberg,B GT 0024684,DB 15276,Asparagales,Orchidaceae,Cephalanthera longifolia
8654,R. Hand,B GT 0018977,DB 14869,Asparagales,Orchidaceae,Cephalanthera rubra
GBOL4,L. Meierott,B GT 0024492,DB 15648,Asparagales,Orchidaceae,Cephalanthera rubra
20180236,G. Schepers,B GT 0024549,DB 15315,Asparagales,Orchidaceae,Cephalanthera rubra
NM2018/7,N. Meyer,B GT 0024647,DB 15265,Asparagales,Orchidaceae,Cephalanthera rubra
8675,R. Hand,B GT 0021007,DB 29343,Asparagales,Orchidaceae,Chamorchis alpina
RH 7896,"Hand,R. & Niederbichler,C.",B GT 0014742,DB 12961,Asparagales,Orchidaceae,Coeloglossum viride
20180941,G. Schepers,B GT 0024605,DB 15364,Asparagales,Orchidaceae,Cypripedium calceolus
NM2018/6,N. Meyer,B GT 0024646,DB 15264,Asparagales,Orchidaceae,Cypripedium calceolus
RH 7980,"Hand,R., Berghofer,M. & Niederbichler,C.",B GT 0014679,DB 13039,Asparagales,Orchidaceae,Dactylorhiza fuchsii
KPB 36604,"Buttler,K.P. & Hemm,K.",B GT 0017750,DB 14156,Asparagales,Orchidaceae,Dactylorhiza fuchsii
KPB 36545,"Buttler,K.P., Nawrath,S., Gottschalk,S. & Heckert,U.",B GT 0017753,DB 14133,Probe nicht gefunden,,
36530,"Buttler,K.P.",B GT 0018530,DB 14128,Probe nicht gefunden,,
2017-70,R. Mause,B GT 0021780,DB 30849,Asparagales,Orchidaceae,Dactylorhiza majalis
20170521-42,"Höcker,R.",G BT 0021456,DB 14287,Asparagales,Orchidaceae,Dactylorhiza majalis
20180218,G. Schepers,B GT 0024559,DB 15299,Asparagales,Orchidaceae,Dactylorhiza sambucina
7849,R. Hand,B GT 0014797,DB 29245,Asparagales,Orchidaceae,Epipactis atrorubens
8367,"Hand,R.",B GT 0018690,DB 13621,Asparagales,Orchidaceae,Epipactis atrorubens
8460,"Hand,R.",B GT 0018784,DB 13672,Asparagales,Orchidaceae,Epipactis atrorubens
7942,"Hand,R.",B GT 0014689,DB 13003,Asparagales,Orchidaceae,Epipactis helleborine
36669,"Buttler,K.P.",B GT 0018464,DB 14186,Asparagales,Orchidaceae,Epipactis helleborine
8510,R. Hand,B GT 0018834,DB 14840,Asparagales,Orchidaceae,Epipactis helleborine
8661,R. Hand,B GT 0018984,DB 15239,Asparagales,Orchidaceae,Epipactis helleborine
2652,O. Appel,B GT 0021812,DB 30972,Asparagales,Orchidaceae,Epipactis helleborine
9053,R. Hand,B GT 0024849,DB 15115,Asparagales,Orchidaceae,Epipactis leptochila
9063,R. Hand,B GT 0024860,DB 15117,Asparagales,Orchidaceae,Epipactis muelleri
RH 7836,"Hand,R. & Niederbichler,C.",B GT 0014813,DB 12916,Asparagales,Orchidaceae,Epipactis palustris
,,B GT 0024749,DB 14992,Asparagales,Orchidaceae,Epipactis palustris
7838,R. Hand,B GT 0014811,DB 29234,Asparagales,Orchidaceae,Goodyera repens
36696,K. P. Buttler 36696 & M. Lorek,B GT 0018505,DB 29447,Asparagales,Orchidaceae,Goodyera repens
RH 7966,"Hand,R., Berghofer,M. & Niederbichler,C.",B GT 0014513,DB 13025,Asparagales,Orchidaceae,Gymnadenia conopsea
36625,K. P. Buttler,B GT 0017779,DB 14931,Asparagales,Orchidaceae,Gymnadenia conopsea
8370,R. Hand,B GT 0018693,DB 14824,Asparagales,Orchidaceae,Gymnadenia densiflora
8552,R. Hand,B GT 0018876,DB 29330,Asparagales,Orchidaceae,Gymnadenia densiflora
7850,R. Hand,B GT 0014796,DB 29246,Asparagales,Orchidaceae,Gymnadenia odoratissima
9071,R. Hand,B GT 0024863,DB 15047,Asparagales,Orchidaceae,Gymnadenia odoratissima
2018-10,R. Mause,B GT 0024291,DB 15789,Asparagales,Orchidaceae,Herminium monorchis
9078,R. Hand 9078 & M. Berghofer,B GT 0024867,DB 15053,Asparagales,Orchidaceae,Herminium monorchis
8280,R. Hand,B GT 0021278,DB 29261,Asparagales,Orchidaceae,Himantoglossum hircinum
20180233,G. Schepers,B GT 0024583,DB 15312,Asparagales,Orchidaceae,Limodorum abortivum
8716,R. Hand 8716 & M. Berghofer,B GT 0021048,DB 29355,Asparagales,Orchidaceae,Liparis loeselii
RH 7970,"Hand,R., Berghofer,M. & Niederbichler,C.",B GT 0014509,DB 13029,Asparagales,Orchidaceae,Listera cordata
RH 7967,"Hand,R., Berghofer,M. & Niederbichler,C.",B GT 0014512,DB 13026,Asparagales,Orchidaceae,Listera ovata
2016-29,"Mause,R.",B GT 0017486,DB 13528,Asparagales,Orchidaceae,Listera ovata
36556,"Buttler,K.P.",B GT 0017732,DB 14136,Asparagales,Orchidaceae,Listera ovata
8369,"Hand,R.",B GT 0018692,DB 13622,Asparagales,Orchidaceae,Listera ovata
8614,R. Hand,B GT 0018938,DB 29340,Asparagales,Orchidaceae,Malaxis monophyllos
8414,R. Hand,B GT 0018738,DB 29297,Asparagales,Orchidaceae,Neottia nidus-avis
14MB,"Berghofer,M.",B GT 0021338,DB 14224,Asparagales,Orchidaceae,Neottia nidus-avis
8687,R. Hand,B GT 0021019,DB 29347,Asparagales,Orchidaceae,Nigritella rhellicani
8364,"Hand,R.",B GT 0018687,DB 13619,Asparagales,Orchidaceae,Ophrys apifera
20180234,G. Schepers,B GT 0024550,DB 15313,Asparagales,Orchidaceae,Ophrys holoserica
8957,R. Hand,B GT 0024814,DB 14953,Asparagales,Orchidaceae,Ophrys holoserica
8358,"Hand,R.",B GT 0018681,DB 13615,Probe nicht gefunden,,
WEM031,W. Melenk,Bearbeitung in Bonn,DB 14806,Probe nicht gefunden,,
2016-11,"Mause,R.",B GT 0017707,DB 13510,Asparagales,Orchidaceae,Orchis anthropophora
20180232,G. Schepers,B GT 0024584,DB 15311,Asparagales,Orchidaceae,Orchis coriophora
8306,R. Hand,B GT 0021304,DB 29268,Asparagales,Orchidaceae,Orchis mascula
9145,R. Hand 9145 & M. Berghofer,B GT 0024971,DB 15135,Asparagales,Orchidaceae,Orchis mascula
8361,R. Hand,B GT 0018684,DB 29286,Asparagales,Orchidaceae,Orchis militaris
8368,R. Hand,B GT 0018691,DB 14823,Asparagales,Orchidaceae,Orchis militaris
8371,R. Hand,B GT 0018694,DB 14825,Asparagales,Orchidaceae,Orchis militaris
8332,R. Hand 8332 & GEFD-Exkursion,B GT 0018655,DB 29275,Asparagales,Orchidaceae,Orchis morio
20170422-32,"Höcker,R.",G BT 0021519,DB 14277,Asparagales,Orchidaceae,Orchis morio
,B. Schwarzberg,B GT 0024683,DB 15275,Asparagales,Orchidaceae,Orchis pallens
20180215,G. Schepers,B GT 0024562,DB 15297,Asparagales,Orchidaceae,Orchis pyramidalis
20180216,G. Schepers,B GT 0024586,DB 15298,Asparagales,Orchidaceae,Orchis simia
7940,"Hand,R.",B GT 0014687,DB 13001,Asparagales,Orchidaceae,Orchis ustulata
36602,K. P. Buttler 36602 & K. Hemm,B GT 0017749,DB 14927,Asparagales,Orchidaceae,Platanthera bifolia
36536,K. P. Buttler,B GT 0017756,DB 14918,Asparagales,Orchidaceae,Platanthera bifolia
8372,R. Hand,B GT 0018695,DB 14826,Asparagales,Orchidaceae,Platanthera bifolia
2016-30,"Mause,R.",B GT 0017485,DB 13529,Asparagales,Orchidaceae,Platanthera chlorantha
KPB 36579,"Buttler,K.P. & Breunig,T.",B GT 0017735,DB 14148,Asparagales,Orchidaceae,Platanthera chlorantha
KPB 36603,"Buttler,K.P. & Hemm,K.",B GT 0017748,DB 14155,Asparagales,Orchidaceae,Platanthera chlorantha
8373,R. Hand,B GT 0018696,DB 14827,Asparagales,Orchidaceae,Platanthera chlorantha
20180931,G. Schepers,B GT 0024604,DB 15356,Asparagales,Orchidaceae,Pseudorchis albida
9131,R. Hand,B GT 0024886,DB 14962,Asparagales,Orchidaceae,Pseudorchis albida
9127,R. Hand,B GT 0024955,DB 15092,Asparagales,Orchidaceae,Pseudorchis albida
9112,R. Hand,B GT 0024994,DB 15088,Asparagales,Orchidaceae,Pseudorchis albida
9073,R. Hand 9073 & M. Berghofer,B GT 0024870,DB 15049,Asparagales,Orchidaceae,Traunsteinera globosa
20180911,G. Schepers,B GT 0024533,DB 15339,Asparagales,Xanthorhoeaceae,Hemerocallis fulva
NM2018/9,N. Meyer,B GT 0024639,DB 15267,Asparagales,Xanthorhoeaceae,Hemerocallis fulva
AMB-GBOL2-133,A.-M. Barniske,B GT 0024694,DB 15278,Asparagales,Xanthorhoeaceae,Hemerocallis fulva
36468,"Buttler,K.P.",B GT 0017729,DB 14104,Boraginales,Boraginaceae,Anchusa arvensis
PC 254,"Ciongwa,P.",B GT 0021371,DB 14393,Boraginales,Boraginaceae,Anchusa arvensis
2017-22,R. Mause,B GT 0021819,DB 30817,Boraginales,Boraginaceae,Anchusa arvensis
35690,"Buttler,K.P.",B GT 0018164,DB 13958,Boraginales,Boraginaceae,Anchusa officinalis
8326,R. Hand,B GT 0021324,DB 29272,Boraginales,Boraginaceae,Anchusa officinalis
RH 6483,"Hand,R. & Raab,B.",B GT 0017969,DB 12417,Boraginales,Boraginaceae,Asperugo procumbens
2013-3,"Mause,R.",B GT 0018249,DB 14231,Boraginales,Boraginaceae,Buglossoides arvensis
2013-8,"Mause,R.",B GT 0018251,DB 14235,Boraginales,Boraginaceae,Buglossoides arvensis
20170407-19,R. Höcker,B GT 0021499,DB 15251,Boraginales,Boraginaceae,Buglossoides arvensis
2017-46,R. Mause,B GT 0021788,DB 15178,Boraginales,Boraginaceae,Buglossoides arvensis
36804,K. P. Buttler 36804 & A. Diguet,B GT 0024943,DB 14789,Boraginales,Boraginaceae,Buglossoides arvensis
2013-12,"Mause,R.",B GT 0018261,DB 14229,Boraginales,Boraginaceae,Buglossoides incrassata
PC 135,"Ciongwa,P.",B GT 0017500,DB 13152,Boraginales,Boraginaceae,Buglossoides purpurocaerulea
8431,"Hand,R.",B GT 0018755,DB 13657,Boraginales,Boraginaceae,Buglossoides purpurocaerulea
9151,R. Hand 9151 & M. Berghofer,B GT 0024973,DB 15074,Boraginales,Boraginaceae,Cerinthe alpina
NM2017/7,N. Meyer,B GT 0021606,DB 29530,Boraginales,Boraginaceae,Cerinthe minor
9064,R. Hand,B GT 0024861,DB 15041,Boraginales,Boraginaceae,Cerinthe minor
8413,"Hand,R.",B GT 0018737,DB 13646,Boraginales,Boraginaceae,Cynoglossum germanicum
PC 285,"Ciongwa,P.",B GT 0021431,DB 14415,Boraginales,Boraginaceae,Cynoglossum germanicum
2017-92,R. Mause,B GT 0021748,DB 30866,Boraginales,Boraginaceae,Cynoglossum germanicum
8935,R. Hand,B GT 0024807,DB 14941,Boraginales,Boraginaceae,Cynoglossum germanicum
36539,K. P. Buttler,B GT 0017760,DB 29427,Boraginales,Boraginaceae,Cynoglossum officinale
2017-67,R. Mause,B GT 0021782,DB 30846,Boraginales,Boraginaceae,Cynoglossum officinale
PC 264,"Ciongwa,P.",B GT 0021361,DB 14401,Boraginales,Boraginaceae,Echium vulgare
AMB-GBOL2-117,A.-M. Barniske,B GT 0021866,DB 30931,Boraginales,Boraginaceae,Echium vulgare
WEM104,W. Melenk (GBOL-Bioblitz 2017),B GT 0021916,DB 15708,Boraginales,Boraginaceae,Echium vulgare
WEM087,W. Melenk (GBOL-Bioblitz 2017),B GT 0021931,DB 30998,Boraginales,Boraginaceae,Echium vulgare
8506,"Hand,R.",B GT 0018830,DB 13699,Boraginales,Boraginaceae,Heliotropium europaeum
RH 8338,"Hand,R. & GEFD-Exkursion",B GT 0018661,DB 13605,Boraginales,Boraginaceae,Lappula squarrosa
8567,"Hand,R.",B GT 0018891,DB 13739,Boraginales,Boraginaceae,Lithospermum officinale
8790,"Hand,R.",B GT 0021122,DB 13861,Boraginales,Boraginaceae,Lithospermum officinale
NM2017/12,N. Meyer,B GT 0021602,DB 29535,Boraginales,Boraginaceae,Lithospermum officinale
8618,R. Hand,B GT 0018942,DB 14852,Boraginales,Boraginaceae,Myosotis alpestris
8622,R. Hand,B GT 0018946,DB 14854,Boraginales,Boraginaceae,Myosotis alpestris
7587,R. Hand,B GT 0017047,DB 14665,Boraginales,Boraginaceae,Myosotis arvensis
5,R. Mause,B GT 0018252,DB 14582,Boraginales,Boraginaceae,Myosotis arvensis
36246,K. P. Buttler,B GT 0018597,DB 14879,Boraginales,Boraginaceae,Myosotis arvensis
8387,R. Hand,B GT 0018710,DB 15231,Boraginales,Boraginaceae,Myosotis arvensis
8936,R. Hand,B GT 0024806,DB 15103,Boraginales,Boraginaceae,Myosotis arvensis
9140,R. Hand,B GT 0024879,DB 15692,Boraginales,Boraginaceae,Myosotis decumbens
2016-23,"Mause,R.",B GT 0017703,DB 13522,Boraginales,Boraginaceae,Myosotis discolor
FJW-2016-0029,"Weicherding,F.-J.",B GT 0017870,DB 13219,Boraginales,Boraginaceae,Myosotis discolor
8275,R. Hand,B GT 0021273,DB 29260,Boraginales,Boraginaceae,Myosotis discolor
2017-28,R. Mause,B GT 0021817,DB 30820,Boraginales,Boraginaceae,Myosotis discolor
2017-13,R. Mause,B GT 0021834,DB 15166,Boraginales,Boraginaceae,Myosotis discolor
,,B GT 0024735,DB 15005,Boraginales,Boraginaceae,Myosotis discolor
36833,K. P. Buttler,B GT 0024947,DB 14753,Boraginales,Boraginaceae,Myosotis discolor
36570,K. P. Buttler,B GT 0017717,DB 14922,Boraginales,Boraginaceae,Myosotis laxa
FJW-2016-0047,"Weicherding,F.-J.",B GT 0017239,DB 13237,Boraginales,Boraginaceae,Myosotis nemorosa
PC 168,P. Ciongwa,B GT 0017457,DB 14803,Boraginales,Boraginaceae,Myosotis nemorosa
36589,K. P. Buttler,B GT 0017734,DB 14924,Probe nicht gefunden,,
MS-TH-10,M. Schön,B GT 0021590,DB 15511,Boraginales,Boraginaceae,Myosotis nemorosa
7375,R. Hand,B GT 0017313,DB 14659,Boraginales,Boraginaceae,Myosotis ramosissima
36232,K. P. Buttler,B GT 0018610,DB 14876,Boraginales,Boraginaceae,Myosotis ramosissima
KPB 36343,"Buttler,K.P. & Hemm,K.",B GT 0018617,DB 14063,Boraginales,Boraginaceae,Myosotis ramosissima
PC 204,P. Ciongwa,B GT 0021420,DB 29503,Boraginales,Boraginaceae,Myosotis ramosissima
2017-40,R. Mause,B GT 0021797,DB 15177,Boraginales,Boraginaceae,Myosotis ramosissima
2017-26,R. Mause,B GT 0021815,DB 15171,Boraginales,Boraginaceae,Myosotis ramosissima
2017-23,R. Mause,B GT 0021820,DB 15170,Boraginales,Boraginaceae,Myosotis ramosissima
24MB,M. Berghofer,B GT 0024252,DB 15652,Boraginales,Boraginaceae,Myosotis rehsteineri
,A. König,B GT 0024593,DB 15619,Boraginales,Boraginaceae,Myosotis rehsteineri
36677,"Buttler,K.P.",B GT 0018458,DB 14187,Boraginales,Boraginaceae,Myosotis scorpioides
,"Kummer,V.",B GT 0018995,DB 14468,Boraginales,Boraginaceae,Myosotis sparsiflora
2017-27,R. Mause,B GT 0021816,DB 15172,Boraginales,Boraginaceae,Myosotis stricta
8279,R. Hand,B GT 0021277,DB 15464,Boraginales,Boraginaceae,Myosotis sylvatica
36852,K. P. Buttler,B GT 0024905,DB 14764,Boraginales,Boraginaceae,Myosotis sylvatica
8290,R. Hand,B GT 0021288,DB 15466,Boraginales,Boraginaceae,Nonea lutea
GBOL-004a,G. Himpel,B GT 0024453,DB 15595,Boraginales,Boraginaceae,Nonea lutea
GBOL-012,G. Himpel GBOL-012 & H. John,B GT 0024456,DB 15561,Boraginales,Boraginaceae,Nonea lutea
8116,"Hand,R.",B GT 0021236,DB 13551,Boraginales,Boraginaceae,Omphalodes scorpioides
8133,"Hand,R.",B GT 0021253,DB 13559,Boraginales,Boraginaceae,Omphalodes scorpioides
,A. König,B GT 0024500,DB 15621,Boraginales,Boraginaceae,Onosma arenaria
FJW-2016-0044,"Weicherding,F.-J.",B GT 0017242,DB 13234,Boraginales,Boraginaceae,Pentaglottis sempervirens
8140,"Hand,R.",B GT 0021260,DB 13565,Boraginales,Boraginaceae,Pulmonaria angustifolia
8138,"Hand,R.",B GT 0021258,DB 13563,Boraginales,Boraginaceae,Pulmonaria mollis
20170402-14,"Höcker,R.",G BT 0021506,DB 14262,Boraginales,Boraginaceae,Pulmonaria mollis
2017-1,R. Mause,B GT 0021822,DB 15161,Boraginales,Boraginaceae,Pulmonaria montana
,,B GT 0024731,DB 14972,Boraginales,Boraginaceae,Pulmonaria montana
PC 112,P. Ciongwa,B GT 0017409,DB 14577,Boraginales,Boraginaceae,Pulmonaria obscura
8120,"Hand,R.",B GT 0021240,DB 13553,Boraginales,Boraginaceae,Pulmonaria obscura
8131,"Hand,R.",B GT 0021251,DB 13557,Boraginales,Boraginaceae,Pulmonaria obscura
36820,K. P. Buttler,B GT 0024938,DB 14738,Boraginales,Boraginaceae,Pulmonaria obscura
20170408-21,"Höcker,R.",G BT 0021498,DB 14266,Boraginales,Boraginaceae,Pulmonaria obscura
PC 128,P. Ciongwa,B GT 0017425,DB 14728,Boraginales,Boraginaceae,Pulmonaria officinalis
2605,O. Appel,B GT 0021901,DB 15400,Boraginales,Boraginaceae,Pulmonaria officinalis
35824,"Buttler,K.P.",B GT 0018208,DB 14002,Boraginales,Boraginaceae,Symphytum bohemicum
RH 8495,"Hand,R. & John,H.",B GT 0018819,DB 13692,Boraginales,Boraginaceae,Symphytum bohemicum
2359,"Appel,O.",B GT 0018009,DB 13393,Boraginales,Boraginaceae,Symphytum bulbosum
36431,K. P. Buttler,B GT 0018375,DB 14912,Boraginales,Boraginaceae,Symphytum hidcotense
7786,"R. Hand 7786, M. Berghofer & C. Niederbichler",B GT 0017003,DB 14671,Boraginales,Boraginaceae,Symphytum officinale
2447,"Appel,O.",B GT 0017771,DB 13444,Boraginales,Boraginaceae,Symphytum officinale
9058,R. Hand,B GT 0024854,DB 15038,Boraginales,Boraginaceae,Symphytum tuberosum
2528,"Appel,O.",B GT 0018070,DB 13487,Boraginales,Boraginaceae,Symphytum officinale
36528,"Buttler,K.P.",B GT 0018580,DB 14127,Boraginales,Boraginaceae,Symphytum officinale
FJW-2016-0086,F.-J. Weicherding,B GT 0021604,DB 30737,Boraginales,Boraginaceae,Symphytum officinale
9075,R. Hand 9075 & M. Berghofer,B GT 0024875,DB 15051,Boraginales,Boraginaceae,Symphytum tuberosum
35917,"Buttler,K.P.",B GT 0018133,DB 14033,Boraginales,Boraginaceae,Symphytum uplandicum
8939,R. Hand,B GT 0024828,DB 15104,Boraginales,Boraginaceae,Symphytum uplandicum
36749,K. P. Buttler 36749 & P. Gutte,B GT 0018429,DB 14683,Ericales,Balsaminaceae,Impatiens edgeworthii
36748,K. P. Buttler 36748 & P. Gutte,B GT 0018477,DB 14682,Ericales,Balsaminaceae,Impatiens edgeworthii
RH 7801,"Hand,R., Berghofer,M. & Niederbichler,C.",B GT 0014848,DB 12882,Ericales,Balsaminaceae,Impatiens glandulifera
FJW-2016-0071,"Weicherding,F.-J.",B GT 0017636,DB 13259,Ericales,Balsaminaceae,Impatiens glandulifera
AMB-GBOL2-86,"Barniske,A.-M.",B GT 0017952,DB 13371,Ericales,Balsaminaceae,Impatiens glandulifera
2502,"Appel,O.",B GT 0018097,DB 13475,Ericales,Balsaminaceae,Impatiens glandulifera
36664,"Buttler,K.P.",B GT 0018451,DB 14183,Ericales,Balsaminaceae,Impatiens glandulifera
NHG 20160828-12,"Höcker,R.",B GT 0017381,DB 13296,Ericales,Balsaminaceae,Impatiens noli-tangere
AMB-GBOL2-79,"Barniske,A.-M.",B GT 0017683,DB 13364,Ericales,Balsaminaceae,Impatiens noli-tangere
36721,K. P. Buttler,B GT 0018484,DB 29458,Ericales,Balsaminaceae,Impatiens noli-tangere
MS-SH-10,"Schön,M.",B GT 0017275,DB 13281,Ericales,Balsaminaceae,Impatiens parviflora
FJW-2016-0072,"Weicherding,F.-J.",B GT 0017635,DB 13260,Ericales,Balsaminaceae,Impatiens parviflora
AMB-GBOL2-77,"Barniske,A.-M.",B GT 0017685,DB 13362,Ericales,Balsaminaceae,Impatiens parviflora
2566,"Appel,O.",B GT 0018105,DB 13491,Ericales,Balsaminaceae,Impatiens parviflora
36348,K. P. Buttler,B GT 0018604,DB 29411,Ericales,Balsaminaceae,Impatiens parviflora
8576,R. Hand,B GT 0018900,DB 15475,Ericales,Balsaminaceae,Impatiens spec.
2017-107,R. Mause,B GT 0021653,DB 30879,Ericales,Ericaceae,Andromeda polifolia
9105,R. Hand,B GT 0021957,DB 15060,Ericales,Ericaceae,Andromeda polifolia
RH 7922,"Hand,R. & Niederbichler,C.",B GT 0014722,DB 12986,Ericales,Ericaceae,Arctostaphylos alpinus
DS-2018-017,D. Schabelreiter,B GT 0024414,DB 15543,Ericales,Ericaceae,Arctostaphylos uva-ursi
NHG 20160828-04,"Höcker,R.",B GT 0017384,DB 13291,Ericales,Ericaceae,Calluna vulgaris
2574,"Appel,O.",B GT 0018017,DB 13494,Ericales,Ericaceae,Calluna vulgaris
8699,"Hand,R.",B GT 0021031,DB 13813,Ericales,Ericaceae,Calluna vulgaris
WEM077,W. Melenk (GBOL-Bioblitz 2017),B GT 0021939,DB 30988,Ericales,Ericaceae,Calluna vulgaris
2671,O. Appel,B GT 0021983,DB 30984,Ericales,Ericaceae,Calluna vulgaris
7839,R. Hand,B GT 0014810,DB 29235,Ericales,Ericaceae,Erica carnea
8659,"Hand,R.",B GT 0018982,DB 13788,Ericales,Ericaceae,Erica carnea
Neikes-Ec-1,N. Neikes,B GT 0024696,DB 15281,Ericales,Ericaceae,Erica cinerea
8559,"Hand,R.",B GT 0018883,DB 13734,Ericales,Ericaceae,Erica tetralix
22MB,"Berghofer,M.",B GT 0021346,DB 14309,Ericales,Ericaceae,Erica tetralix
2017-97,R. Mause,B GT 0021711,DB 30871,Ericales,Ericaceae,Erica tetralix
2017-109,R. Mause,B GT 0021727,DB 30881,Ericales,Ericaceae,Erica tetralix
2659,O. Appel,B GT 0021898,DB 30977,Probe nicht gefunden,,
RH 7778,"Hand,R., Berghofer,M. & Niederbichler,C.",B GT 0014752,DB 12860,Ericales,Ericaceae,Hypopitys hypophegea
PC 90,P. Ciongwa,B GT 0017387,DB 14575,Ericales,Ericaceae,Hypopitys hypophegea
8681,"Hand,R.",B GT 0021013,DB 13803,Ericales,Ericaceae,Kalmia procumbens
RH 7964,"Hand,R., Berghofer,M. & Niederbichler,C.",B GT 0014677,DB 13023,Ericales,Ericaceae,Moneses uniflora
8707,"Hand,R.",B GT 0021039,DB 13818,Ericales,Ericaceae,Orthilia secunda
8863,"Hand,R.",B GT 0021195,DB 13907,Ericales,Ericaceae,Orthilia secunda
RH 8872,"Hand,R., Dotzer-Schmidt,M. & Seitz,H.",B GT 0021204,DB 13913,Ericales,Ericaceae,Orthilia secunda
NM2018/12,N. Meyer,B GT 0024636,DB 15270,Ericales,Ericaceae,Pyrola media
NM2018/3,N. Meyer,B GT 0024643,DB 15261,Ericales,Ericaceae,Pyrola media
9052,R. Hand,B GT 0024967,DB 15209,Ericales,Ericaceae,Pyrola media
PC 188,P. Ciongwa,B GT 0017431,DB 14732,Ericales,Ericaceae,Pyrola minor
KPB 35746,"Buttler,K.P. Brand, H.",B GT 0018153,DB 13975,Ericales,Ericaceae,Pyrola minor
7848,R. Hand,B GT 0014798,DB 29244,Ericales,Ericaceae,Pyrola rotundifolia
8682,"Hand,R.",B GT 0021014,DB 13804,Ericales,Ericaceae,Pyrola rotundifolia
8708,R. Hand,B GT 0021040,DB 29353,Ericales,Ericaceae,Pyrola rotundifolia
DS-2018-006,D. Schabelreiter,B GT 0024406,DB 15533,Ericales,Ericaceae,Pyrola rotundifolia
20180907,G. Schepers,B GT 0024613,DB 15335,Ericales,Ericaceae,Pyrola rotundifolia
RH 7971,"Hand,R., Berghofer,M. & Niederbichler,C.",B GT 0014508,DB 13030,Ericales,Ericaceae,Rhododendron ferrugineum
RH 7916,"Hand,R. & Niederbichler,C.",B GT 0014751,DB 12980,Ericales,Ericaceae,Rhododendron hirsutum
8605,"Hand,R.",B GT 0018929,DB 13764,Ericales,Ericaceae,Rhodothamnus chamaecistus
RH 7914,"Hand,R. & Niederbichler,C.",B GT 0014724,DB 12978,Ericales,Ericaceae,Vaccinium gaultherioides
,C. Niederbichler,B GT 0024680,DB 15157,Ericales,Ericaceae,Vaccinium macrocarpon
2386,"Appel,O.",B GT 0017708,DB 13410,Ericales,Ericaceae,Vaccinium myrtillus
8706,"Hand,R.",B GT 0021038,DB 13817,Ericales,Ericaceae,Vaccinium myrtillus
2017-110,R. Mause,B GT 0021726,DB 30882,Ericales,Ericaceae,Vaccinium oxycoccos
CN_20170731_5,C. Niederbichler,B GT 0021891,DB 30953,Ericales,Ericaceae,Vaccinium oxycoccos
2017-108,R. Mause,B GT 0021728,DB 30880,Ericales,Ericaceae,Vaccinium uliginosum
7998,"Hand,R.",B GT 0014658,DB 13056,Ericales,Ericaceae,Vaccinium vitis-idaea
7936,"Hand,R.",B GT 0014702,DB 12997,Ericales,Ericaceae,Vaccinium vitis-idaea
2643,O. Appel,B GT 0021810,DB 30968,Probe nicht gefunden,,
GBOL-024,G. Himpel,B GT 0024467,DB 15573,Ericales,Polemoniaceae,Collomia grandiflora
36573,K. P. Buttler,B GT 0017736,DB 29430,Ericales,Polemoniaceae,Polemonium caeruleum
FJW-2016-0091,F.-J. Weicherding,B GT 0021633,DB 30741,Ericales,Primulaceae,Anagallis arvensis
8409,R. Hand,B GT 0018733,DB 29296,Ericales,Primulaceae,Anagallis foemina
NHG-20170928-94,"Höcker,R.",B GT 0021547,DB 14508,Ericales,Primulaceae,Anagallis foemina
NM2017/18,N. Meyer,B GT 0021612,DB 29541,Ericales,Primulaceae,Anagallis foemina
20MB,"Berghofer,M.",B GT 0021344,DB 14306,Ericales,Primulaceae,Anagallis minima
2017-134,R. Mause,B GT 0021735,DB 15197,Ericales,Primulaceae,Anagallis minima
RH 7903,"Hand,R. & Niederbichler,C.",B GT 0014730,DB 12967,Ericales,Primulaceae,Androsace chamaejasme
8613,R. Hand,B GT 0018937,DB 14851,Ericales,Primulaceae,Androsace chamaejasme
8645,R. Hand,B GT 0018968,DB 14864,Ericales,Primulaceae,Androsace chamaejasme
GBOL-002,G. Himpel,B GT 0024383,DB 15635,Ericales,Primulaceae,Androsace elongata
GBOL-003,G. Himpel,B GT 0024384,DB 15636,Ericales,Primulaceae,Androsace elongata
GBOL2,L. Meierott,B GT 0024491,DB 15778,Ericales,Primulaceae,Androsace septentrionalis
8631,"Hand,R.",B GT 0018955,DB 13775,Ericales,Primulaceae,Cyclamen purpurascens
PC 171,"Ciongwa,P.",B GT 0017451,DB 14552,Ericales,Primulaceae,Glaux maritima
36502,"Buttler,K.P.",B GT 0018567,DB 14119,Ericales,Primulaceae,Glaux maritima
36736,"Buttler,K.P.",B GT 0018494,DB 14202,Ericales,Primulaceae,Hottonia palustris
8825,"Hand,R.",B GT 0021157,DB 13883,Ericales,Primulaceae,Lysimachia nemorum
20170625-59,"Höcker,R.",G BT 0021472,DB 14300,Ericales,Primulaceae,Lysimachia nemorum
2523,"Appel,O.",B GT 0018046,DB 13484,Ericales,Primulaceae,Lysimachia nummularia
36712,K. P. Buttler,B GT 0018478,DB 29453,Ericales,Primulaceae,Lysimachia nummularia
FJW-2016-0063,"Weicherding,F.-J.",B GT 0017696,DB 13251,Ericales,Primulaceae,Lysimachia punctata
8019,"Hand,R.",B GT 0017934,DB 13076,Ericales,Primulaceae,Lysimachia vulgaris
2575,"Appel,O.",B GT 0018019,DB 13495,Ericales,Primulaceae,Lysimachia vulgaris
20180949,G. Schepers,B GT 0024609,DB 15371,Ericales,Primulaceae,Lysimachia vulgaris
7856,"Hand,R.",B GT 0014790,DB 12922,Ericales,Primulaceae,Primula auricula
FJW-2016-0012,"Weicherding,F.-J.",B GT 0017904,DB 13202,Ericales,Primulaceae,Primula elatior
2360,"Appel,O.",B GT 0018006,DB 13394,Ericales,Primulaceae,Primula elatior
36192,"Buttler,K.P.",B GT 0018392,DB 14052,Ericales,Primulaceae,Primula elatior
2017-5,R. Mause,B GT 0021826,DB 30807,Ericales,Primulaceae,Primula elatior
RH 7781,"Hand,R., Berghofer,M. & Niederbichler,C.",B GT 0014700,DB 12863,Ericales,Primulaceae,Primula farinosa
7846,R. Hand,B GT 0014800,DB 29242,Ericales,Primulaceae,Primula farinosa
8122,R. Hand,B GT 0021242,DB 29252,Ericales,Primulaceae,Primula veris
8302,R. Hand,B GT 0021300,DB 15467,Ericales,Primulaceae,Primula veris
2017-18,R. Mause,B GT 0021839,DB 30815,Ericales,Primulaceae,Primula veris
36845,K. P. Buttler,B GT 0024910,DB 14797,Ericales,Primulaceae,Primula veris
1MB,"Berghofer,M.",B GT 0021325,DB 14228,Ericales,Primulaceae,Primula vulgaris
,U. Raabe,B GT 0018994,DB 15643,Ericales,Primulaceae,Samolus valerandi
36504,K. P. Buttler,B GT 0021596,DB 29424,Ericales,Primulaceae,Samolus valerandi
20180947,G. Schepers,B GT 0024546,DB 15369,Ericales,Primulaceae,Samolus valerandi
RH 7918,"Hand,R. & Niederbichler,C.",B GT 0014718,DB 12982,Ericales,Primulaceae,Soldanella alpina
8615,"Hand,R.",B GT 0018939,DB 13767,Ericales,Primulaceae,Soldanella alpina
AM5,A. Mayer,B GT 0024518,DB 15393,Ericales,Primulaceae,Soldanella montana
9117,R. Hand,B GT 0024996,DB 15065,Ericales,Primulaceae,Soldanella pusilla
PC 238,"Ciongwa,P.",B GT 0021387,DB 14379,Ericales,Primulaceae,Trientalis europaea
